Date,Open,High,Low,Close,Adj Close,Volume
1/2/2013,27.25,27.73,27.15,27.620001,23.584339,52899300
1/3/2013,27.629999,27.65,27.16,27.25,23.268398,48294400
1/4/2013,27.27,27.34,26.73,26.74,22.832916,52521100
1/7/2013,26.77,26.879999,26.639999,26.690001,22.790224,37110400
1/8/2013,26.75,26.790001,26.459999,26.549999,22.670679,44703100
1/9/2013,26.719999,26.75,26.559999,26.700001,22.798758,49047900
1/10/2013,26.65,26.98,26.290001,26.459999,22.59383,71431300
1/11/2013,26.49,26.93,26.280001,26.83,22.909767,55512100
1/14/2013,26.9,27.08,26.76,26.889999,22.961,48324400
1/15/2013,26.83,27.290001,26.83,27.209999,23.234245,48244500
1/16/2013,27.15,27.23,27.01,27.040001,23.089081,41077400
1/17/2013,27.190001,27.469999,27.059999,27.25,23.268398,51685900
1/18/2013,27.1,27.290001,27.040001,27.25,23.268398,52167700
1/22/2013,27.299999,27.450001,27,27.15,23.18301,58650600
1/23/2013,27.200001,27.639999,27.200001,27.610001,23.575796,50387700
1/24/2013,27.700001,28.07,27.469999,27.629999,23.592873,101739300
1/25/2013,27.58,28.23,27.389999,27.879999,23.806347,81847700
1/28/2013,28.01,28.23,27.76,27.91,23.831966,56056500
1/29/2013,27.82,28.129999,27.6,28.01,23.917353,49242600
1/30/2013,28.01,28.190001,27.76,27.85,23.780729,43580500
1/31/2013,27.790001,27.969999,27.4,27.450001,23.439175,50530000
2/1/2013,27.67,28.049999,27.549999,27.93,23.849043,55565900
2/4/2013,27.870001,28.02,27.42,27.440001,23.430635,50540000
2/5/2013,27.620001,27.66,27.360001,27.5,23.481873,35410400
2/6/2013,27.379999,27.540001,27.25,27.34,23.345243,41889600
2/7/2013,27.35,27.389999,27.1,27.280001,23.294014,38028300
2/8/2013,27.35,27.709999,27.309999,27.549999,23.524567,33318500
2/11/2013,27.65,27.92,27.5,27.860001,23.789272,32247700
2/12/2013,27.879999,28,27.75,27.879999,23.806347,35990900
2/13/2013,27.93,28.110001,27.879999,28.030001,23.934431,41715600
2/14/2013,27.92,28.059999,27.870001,28.040001,23.942968,32663200
2/15/2013,28.040001,28.16,27.879999,28.01,23.917353,49650900
2/19/2013,27.879999,28.09,27.799999,28.049999,24.149809,38781400
2/20/2013,28.129999,28.200001,27.83,27.870001,23.994841,44110200
2/21/2013,27.74,27.74,27.23,27.49,23.667679,49078500
2/22/2013,27.68,27.76,27.48,27.76,23.900135,31425900
2/25/2013,27.969999,28.049999,27.370001,27.370001,23.564363,48011800
2/26/2013,27.379999,27.6,27.34,27.370001,23.564363,49923300
2/27/2013,27.42,28,27.33,27.809999,23.94318,36394700
2/28/2013,27.879999,27.969999,27.74,27.799999,23.93457,35840200
3/1/2013,27.719999,27.98,27.52,27.950001,24.063715,34849700
3/4/2013,27.85,28.15,27.700001,28.15,24.235907,38157500
3/5/2013,28.290001,28.540001,28.16,28.35,24.408096,41432200
3/6/2013,28.209999,28.23,27.780001,28.09,24.18425,51448500
3/7/2013,28.110001,28.280001,28.01,28.139999,24.227297,29196700
3/8/2013,28.25,28.33,27.959999,28,24.106768,37667800
3/11/2013,27.940001,27.969999,27.67,27.870001,23.994841,36627500
3/12/2013,27.84,27.950001,27.639999,27.91,24.029274,39255200
3/13/2013,27.870001,28.02,27.75,27.92,24.037889,29093400
3/14/2013,28,28.16,27.93,28.139999,24.227297,55914800
3/15/2013,28.030001,28.16,27.98,28.040001,24.141201,92710300
3/18/2013,27.879999,28.280001,27.809999,28.1,24.192858,44809400
3/19/2013,28.120001,28.219999,28.030001,28.18,24.261736,51901600
3/20/2013,28.34,28.49,28.18,28.32,24.382273,35447800
3/21/2013,28.110001,28.360001,28.049999,28.110001,24.201469,34233200
3/22/2013,28.190001,28.34,28.1,28.25,24.322001,28720900
3/25/2013,28.299999,28.35,27.959999,28.16,24.244511,44154000
3/26/2013,28.24,28.34,28.110001,28.16,24.244511,27824300
3/27/2013,28.139999,28.450001,28.08,28.370001,24.425314,36047400
3/28/2013,28.32,28.66,28.26,28.610001,24.631943,55453800
4/1/2013,28.639999,28.66,28.360001,28.610001,24.631943,29201100
4/2/2013,28.59,28.85,28.52,28.799999,24.795525,28456500
4/3/2013,28.75,28.950001,28.540001,28.559999,24.588898,35062800
4/4/2013,28.389999,28.610001,28.27,28.6,24.623335,45263200
4/5/2013,28.219999,28.780001,28.110001,28.700001,24.709433,50927300
4/8/2013,28.73,28.73,28.469999,28.59,24.614729,34759500
4/9/2013,28.73,29.82,28.68,29.610001,25.492903,77733800
4/10/2013,29.57,30.32,29.52,30.280001,26.069744,71116700
4/11/2013,29.1,29.200001,28.73,28.940001,24.916059,130923200
4/12/2013,28.85,29.02,28.66,28.790001,24.786921,62886300
4/15/2013,28.65,28.98,28.51,28.690001,24.700823,56332900
4/16/2013,28.9,29.139999,28.700001,28.969999,24.941893,52797300
4/17/2013,28.85,29.040001,28.6,28.83,24.821358,52840700
4/18/2013,28.950001,28.98,28.5,28.790001,24.786921,56906600
4/19/2013,29.620001,30.24,29.610001,29.77,25.63065,99790700
4/22/2013,30.299999,31.18,30.27,30.83,26.54327,137904000
4/23/2013,30.700001,30.9,30.379999,30.6,26.345251,59126900
4/24/2013,30.620001,31.92,30.6,31.76,27.343958,90946600
4/25/2013,31.709999,32.84,31.540001,31.940001,27.498928,110700200
4/26/2013,31.9,31.98,31.450001,31.790001,27.369783,47799300
4/29/2013,31.799999,32.68,31.77,32.610001,28.075768,59116400
4/30/2013,32.560001,33.110001,32.279999,33.099998,28.497641,75165200
5/1/2013,32.93,33.080002,32.599998,32.720001,28.170473,54330900
5/2/2013,32.630001,33.169998,32.389999,33.16,28.549299,46059500
5/3/2013,33.23,33.52,33.080002,33.490002,28.833414,46784600
5/6/2013,33.419998,33.91,33.25,33.75,29.057261,40978300
5/7/2013,33.650002,33.790001,33.240002,33.310001,28.678438,43078300
5/8/2013,33.07,33.240002,32.650002,32.990002,28.402933,51595700
5/9/2013,32.849998,33,32.59,32.66,28.118813,46417800
5/10/2013,32.669998,32.720001,32.32,32.689999,28.144646,36394900
5/13/2013,32.610001,33.07,32.549999,33.029999,28.43737,36027600
5/14/2013,32.860001,33.529999,32.799999,33.529999,29.070272,56870100
5/15/2013,33.450001,33.900002,33.43,33.849998,29.347713,46303900
5/16/2013,33.639999,34.150002,33.549999,34.080002,29.547127,59382900
5/17/2013,34.130001,34.869999,34.099998,34.869999,30.23204,60666700
5/20/2013,34.73,35.099998,34.68,35.080002,30.414125,54020800
5/21/2013,35.099998,35.27,34.720001,34.849998,30.214703,48702400
5/22/2013,34.790001,34.84,34.360001,34.610001,30.00663,66047500
5/23/2013,34.23,34.549999,33.900002,34.150002,29.607815,51102700
5/24/2013,33.919998,34.279999,33.900002,34.27,29.711857,33174400
5/28/2013,34.419998,35.18,34.41,35.02,30.362099,48212100
5/29/2013,34.740002,35.02,34.57,34.880001,30.240713,38412200
5/30/2013,34.849998,35.25,34.810001,35.029999,30.370758,51131000
5/31/2013,34.82,35.279999,34.790001,34.900002,30.258051,56165700
6/3/2013,34.919998,35.630001,34.830002,35.59,30.856287,51252600
6/4/2013,35.619999,35.740002,34.77,34.990002,30.336086,65529500
6/5/2013,34.599998,34.889999,34.43,34.779999,30.154016,46025100
6/6/2013,34.84,35.110001,34.490002,34.959999,30.310081,37618500
6/7/2013,35.25,35.779999,35.060001,35.669998,30.925638,40757300
6/10/2013,35.509998,35.650002,35.139999,35.470001,30.752235,35994500
6/11/2013,35.049999,35.18,34.68,34.84,30.206047,39435900
6/12/2013,35.139999,35.27,34.849998,35,30.344757,37372700
6/13/2013,34.990002,35.02,34.59,34.720001,30.101997,45654900
6/14/2013,34.549999,34.689999,34.25,34.400002,29.824564,53192600
6/17/2013,34.689999,35.16,34.630001,35,30.344757,49670100
6/18/2013,34.970001,35.169998,34.900002,34.98,30.327415,28616500
6/19/2013,34.959999,35.09,34.59,34.59,29.989286,30816200
6/20/2013,34.259998,34.330002,33.369999,33.490002,29.035603,54493700
6/21/2013,33.66,33.73,33.049999,33.27,28.844851,85338500
6/24/2013,32.939999,34.200001,32.57,33.720001,29.235001,56109000
6/25/2013,34.080002,34.380001,33.459999,33.669998,29.191652,44073400
6/26/2013,34.119999,34.48,33.889999,34.349998,29.7812,48665900
6/27/2013,34.52,34.779999,34.5,34.619999,30.015299,28993100
6/28/2013,34.380001,34.790001,34.34,34.540001,29.945938,65545500
7/1/2013,34.75,34.990002,34.330002,34.360001,29.789886,31055400
7/2/2013,34.41,34.439999,33.630001,33.939999,29.425743,37630000
7/3/2013,33.66,34.369999,33.599998,34.009998,29.486431,15994400
7/5/2013,34.09,34.240002,33.580002,34.209999,29.659834,26085900
7/8/2013,34.349998,34.59,33.98,34.330002,29.763868,32396900
7/9/2013,34.580002,34.599998,34.139999,34.349998,29.7812,25318500
7/10/2013,34.34,34.810001,34.32,34.700001,30.084654,29658800
7/11/2013,35,35.77,34.900002,35.689999,30.942978,53638300
7/12/2013,35.580002,35.73,35.279999,35.669998,30.925638,35501200
7/15/2013,35.66,36.220001,35.580002,36.169998,31.359127,34142600
7/16/2013,36.009998,36.43,35.959999,36.27,31.445835,36378500
7/17/2013,36.34,36.389999,35.490002,35.740002,30.986332,37285100
7/18/2013,35.720001,35.889999,35.220001,35.439999,30.726231,49547100
7/19/2013,32.400002,32.669998,31.02,31.4,27.223581,248428500
7/22/2013,31.700001,32.009998,31.6,32.009998,27.752447,79040700
7/23/2013,31.91,32.040001,31.709999,31.82,27.587717,65810400
7/24/2013,32.040001,32.189999,31.889999,31.959999,27.709095,52803100
7/25/2013,31.620001,31.65,31.25,31.389999,27.214911,63213000
7/26/2013,31.26,31.620001,31.209999,31.620001,27.41432,38633600
7/29/2013,31.469999,31.6,31.4,31.540001,27.344955,28870700
7/30/2013,31.780001,32.119999,31.549999,31.85,27.613726,45799500
7/31/2013,31.969999,32.049999,31.709999,31.84,27.605057,43898400
8/1/2013,32.060001,32.09,31.6,31.67,27.457666,42557900
8/2/2013,31.690001,31.9,31.57,31.889999,27.648403,29199900
8/5/2013,31.9,32,31.639999,31.700001,27.483681,30984000
8/6/2013,31.549999,31.67,31.379999,31.58,27.379642,36331500
8/7/2013,31.540001,32.099998,31.25,32.060001,27.795794,38078600
8/8/2013,32.240002,33.07,32.049999,32.889999,28.515402,59034400
8/9/2013,32.77,32.900002,32.470001,32.700001,28.350672,26800700
8/12/2013,32.459999,32.970001,32.459999,32.869999,28.498056,25493700
8/13/2013,32.509998,32.549999,32.209999,32.23,28.140089,39464100
8/14/2013,32.139999,33.360001,31.700001,32.349998,28.24486,48519600
8/15/2013,32,32.18,30.84,31.790001,27.75592,33338000
8/16/2013,31.790001,31.99,31.66,31.799999,27.764652,32866300
8/19/2013,31.76,31.969999,31.379999,31.389999,27.406681,27902500
8/20/2013,31.440001,31.9,31.370001,31.620001,27.607498,22979600
8/21/2013,31.610001,32.009998,31.540001,31.610001,27.59877,37409100
8/22/2013,32.189999,32.490002,32.099998,32.389999,28.279783,31169900
8/23/2013,35.169998,35.200001,34,34.75,30.340303,225493800
8/26/2013,34.400002,34.669998,34.029999,34.150002,29.816442,72786800
8/27/2013,33.52,34.099998,33.150002,33.259998,29.039387,58522300
8/28/2013,33.389999,33.599998,33,33.02,28.829842,44257400
8/29/2013,32.93,33.599998,32.799999,33.549999,29.292583,45284700
8/30/2013,33.369999,33.48,33.09,33.400002,29.161615,42790200
9/3/2013,31.75,32.07,31.290001,31.879999,27.834503,154507000
9/4/2013,31.389999,31.469999,31.110001,31.200001,27.240793,142320600
9/5/2013,31.1,31.440001,30.950001,31.23,27.266989,71644900
9/6/2013,31.309999,31.389999,31.129999,31.15,27.197136,75434900
9/9/2013,31.219999,31.790001,31.200001,31.66,27.642418,49628500
9/10/2013,31.9,32.400002,31.790001,32.389999,28.279783,56881200
9/11/2013,32.57,32.93,32.529999,32.740002,28.585369,39087500
9/12/2013,32.720001,32.779999,32.59,32.689999,28.541714,32860200
9/13/2013,32.77,33.07,32.509998,33.029999,28.838572,40899000
9/16/2013,33.380001,33.5,32.73,32.799999,28.637756,52839700
9/17/2013,33.419998,33.470001,32.900002,32.93,28.751259,84716500
9/18/2013,32.990002,33.400002,32.830002,33.32,29.091764,64099900
9/19/2013,33.48,33.68,33.32,33.639999,29.371161,42026600
9/20/2013,33.41,33.48,32.689999,32.790001,28.629026,102904900
9/23/2013,32.540001,32.970001,32.5,32.740002,28.585369,39826100
9/24/2013,32.869999,32.869999,32.150002,32.450001,28.33217,40685000
9/25/2013,32.490002,32.799999,32.400002,32.509998,28.384558,28907500
9/26/2013,32.639999,33,32.59,32.77,28.611563,28504000
9/27/2013,32.880001,33.75,32.869999,33.27,29.048109,55348000
9/30/2013,33,33.310001,32.700001,33.279999,29.056845,39839500
10/1/2013,33.349998,33.610001,33.299999,33.580002,29.318779,36718700
10/2/2013,33.360001,34.029999,33.290001,33.919998,29.615629,46946800
10/3/2013,33.880001,34,33.419998,33.860001,29.563251,38703800
10/4/2013,33.689999,33.990002,33.619999,33.880001,29.580702,33008100
10/7/2013,33.599998,33.709999,33.200001,33.299999,29.074312,35069300
10/8/2013,33.310001,33.330002,32.799999,33.009998,28.821108,41017600
10/9/2013,33.07,33.349998,32.959999,33.07,28.873497,35878600
10/10/2013,33.310001,33.889999,33.259998,33.759998,29.475935,42875100
10/11/2013,33.68,34.139999,33.68,34.130001,29.798985,30033300
10/14/2013,33.900002,34.5,33.779999,34.450001,30.078381,27757900
10/15/2013,34.669998,34.990002,34.470001,34.490002,30.113304,47097800
10/16/2013,34.599998,34.900002,34.560001,34.639999,30.244265,35111600
10/17/2013,34.450001,34.990002,34.369999,34.919998,30.488739,31359200
10/18/2013,34.82,34.990002,34.330002,34.959999,30.523657,41811700
10/21/2013,34.98,35.200001,34.91,34.990002,30.549845,27433500
10/22/2013,35.02,35.099998,34.52,34.580002,30.191875,40438500
10/23/2013,34.349998,34.490002,33.669998,33.759998,29.475935,58600500
10/24/2013,33.82,34.099998,33.57,33.720001,29.441008,53209700
10/25/2013,35.880001,36.290001,35.470001,35.73,31.195946,113494000
10/28/2013,35.610001,35.73,35.27,35.57,31.056248,38383600
10/29/2013,35.630001,35.720001,35.259998,35.52,31.012594,31702200
10/30/2013,35.529999,35.790001,35.43,35.540001,31.030058,36997700
10/31/2013,35.66,35.689999,35.34,35.41,30.916555,41682300
11/1/2013,35.669998,35.689999,35.389999,35.529999,31.021326,40264600
11/4/2013,35.59,35.98,35.549999,35.939999,31.379301,28060700
11/5/2013,35.790001,36.709999,35.77,36.639999,31.990469,51681900
11/6/2013,37.240002,38.220001,37.060001,38.18,33.335041,88948800
11/7/2013,37.959999,38.009998,37.43,37.5,32.741333,60437400
11/8/2013,37.669998,37.779999,37.34,37.779999,32.985813,36737800
11/11/2013,37.689999,37.779999,37.349998,37.59,32.81992,26872500
11/12/2013,37.380001,37.599998,37.200001,37.360001,32.619102,31651600
11/13/2013,36.98,38.16,36.900002,38.16,33.317585,44957600
11/14/2013,37.869999,38.130001,37.720001,38.02,33.195351,46183700
11/15/2013,37.950001,38.02,37.720001,37.84,33.038189,50601300
11/18/2013,37.349998,37.580002,37.07,37.200001,32.479412,53277500
11/19/2013,36.849998,37.23,36.669998,36.740002,32.32106,44275000
11/20/2013,36.919998,37.41,36.860001,37.080002,32.620171,32229900
11/21/2013,37.27,37.529999,37.259998,37.400002,32.901669,23064700
11/22/2013,37.529999,37.68,37.330002,37.57,33.051216,27982000
11/25/2013,37.93,37.950001,37.57,37.639999,33.11282,30646800
11/26/2013,37.57,37.650002,37.349998,37.349998,32.857693,34465300
11/27/2013,37.57,37.759998,37.490002,37.599998,33.077621,26002100
11/29/2013,37.82,38.290001,37.82,38.130001,33.543877,22090400
12/2/2013,38.09,38.779999,38.060001,38.450001,33.825386,42950400
12/3/2013,38.139999,38.490002,38.080002,38.310001,33.702232,52109800
12/4/2013,38.209999,38.98,38.119999,38.939999,34.256451,51983600
12/5/2013,38.849998,38.880001,37.18,38,33.429501,116305000
12/6/2013,38.419998,38.549999,37.990002,38.360001,33.746204,36457300
12/9/2013,38.560001,38.869999,38.369999,38.709999,34.054108,30286000
12/10/2013,38.610001,38.900002,38.02,38.110001,33.526279,37828600
12/11/2013,38.060001,38.299999,37.389999,37.610001,33.086418,39853400
12/12/2013,37.639999,37.639999,37.18,37.220001,32.743317,36012800
12/13/2013,37.419998,37.450001,36.619999,36.689999,32.277069,40066100
12/16/2013,36.73,37,36.540001,36.889999,32.453022,31734200
12/17/2013,36.939999,37.110001,36.330002,36.52,32.127518,45687700
12/18/2013,36.360001,36.599998,35.529999,36.580002,32.180305,63192100
12/19/2013,36.509998,36.549999,36.080002,36.25,31.889992,34160100
12/20/2013,36.200001,36.93,36.189999,36.799999,32.37384,62649100
12/23/2013,36.810001,36.889999,36.549999,36.619999,32.215492,25128700
12/24/2013,36.720001,37.169998,36.639999,37.080002,32.620171,14243000
12/26/2013,37.200001,37.490002,37.169998,37.439999,32.936859,17612800
12/27/2013,37.580002,37.619999,37.169998,37.290001,32.804909,14563000
12/30/2013,37.220001,37.380001,36.900002,37.290001,32.804909,16290500
12/31/2013,37.400002,37.580002,37.220001,37.41,32.910477,17503500
1/2/2014,37.349998,37.400002,37.099998,37.16,32.69054,30632200
1/3/2014,37.200001,37.220001,36.599998,36.91,32.470615,31134800
1/6/2014,36.849998,36.889999,36.110001,36.130001,31.784431,43603700
1/7/2014,36.330002,36.490002,36.209999,36.41,32.030743,35802800
1/8/2014,36,36.139999,35.580002,35.759998,31.458933,59971700
1/9/2014,35.880001,35.91,35.400002,35.529999,31.256598,36516300
1/10/2014,35.900002,36.150002,35.75,36.040001,31.705254,40548800
1/13/2014,35.990002,36.02,34.830002,34.98,30.772743,45901900
1/14/2014,34.73,35.880001,34.630001,35.779999,31.476519,41623300
1/15/2014,35.900002,36.790001,35.849998,36.759998,32.338646,44812600
1/16/2014,36.689999,37,36.310001,36.889999,32.453022,38018700
1/17/2014,36.830002,36.830002,36.150002,36.380001,32.004356,46267500
1/21/2014,36.82,36.82,36.060001,36.169998,31.819609,31567300
1/22/2014,36.259998,36.32,35.75,35.93,31.608477,21904300
1/23/2014,36.09,36.130001,35.52,36.060001,31.722847,43954000
1/24/2014,37.450001,37.549999,36.529999,36.810001,32.382641,76395500
1/27/2014,36.869999,36.889999,35.98,36.029999,31.696459,44420800
1/28/2014,36.119999,36.389999,35.75,36.27,31.907589,36205500
1/29/2014,35.98,36.880001,35.900002,36.66,32.250679,52745900
1/30/2014,36.790001,36.880001,36.23,36.860001,32.426628,35036300
1/31/2014,36.950001,37.889999,36.560001,37.84,33.288746,93162300
2/3/2014,37.740002,37.990002,36.43,36.48,32.092327,64063100
2/4/2014,36.970001,37.189999,36.25,36.349998,31.977966,54697900
2/5/2014,36.290001,36.470001,35.799999,35.82,31.511705,55814400
2/6/2014,35.799999,36.25,35.689999,36.18,31.828405,35351800
2/7/2014,36.32,36.59,36.009998,36.560001,32.162712,33260500
2/10/2014,36.630001,36.799999,36.290001,36.799999,32.37384,26767000
2/11/2014,36.880001,37.259998,36.860001,37.169998,32.699333,32141400
2/12/2014,37.349998,37.599998,37.299999,37.470001,32.963261,27051800
2/13/2014,37.330002,37.860001,37.330002,37.610001,33.086418,37635500
2/14/2014,37.389999,37.779999,37.330002,37.619999,33.095219,31407500
2/18/2014,37.630001,37.779999,37.41,37.419998,33.166122,32834000
2/19/2014,37.220001,37.75,37.209999,37.509998,33.245892,29750400
2/20/2014,37.57,37.869999,37.400002,37.75,33.458607,27526100
2/21/2014,37.939999,38.349998,37.860001,37.98,33.662464,38021300
2/24/2014,37.689999,37.98,37.540001,37.689999,33.405426,32085100
2/25/2014,37.610001,37.849998,37.349998,37.540001,33.272476,30736500
2/26/2014,37.580002,37.740002,37.189999,37.470001,33.210438,41041800
2/27/2014,37.450001,37.889999,37.23,37.860001,33.556099,33903400
2/28/2014,37.98,38.459999,37.82,38.310001,33.954948,41215000
3/3/2014,37.919998,38.130001,37.490002,37.779999,33.485191,29717500
3/4/2014,38.200001,38.48,38.07,38.41,34.043571,26802400
3/5/2014,38.25,38.27,37.93,38.110001,33.777687,20520100
3/6/2014,38.139999,38.240002,37.889999,38.150002,33.813141,23582200
3/7/2014,38.279999,38.360001,37.689999,37.900002,33.59156,26591600
3/10/2014,37.990002,38.009998,37.720001,37.82,33.520653,19006600
3/11/2014,37.869999,38.23,37.720001,38.02,33.697914,25216400
3/12/2014,37.799999,38.43,37.790001,38.27,33.919491,30494100
3/13/2014,38.419998,38.450001,37.639999,37.889999,33.582691,32169700
3/14/2014,37.650002,38.139999,37.509998,37.700001,33.414291,27195600
3/17/2014,37.900002,38.41,37.790001,38.049999,33.724495,20479600
3/18/2014,38.259998,39.900002,38.220001,39.549999,35.053982,64063900
3/19/2014,39.470001,39.549999,38.91,39.27,34.805813,35597200
3/20/2014,39.25,40.650002,39.240002,40.330002,35.745308,59269800
3/21/2014,40.720001,40.939999,40.009998,40.16,35.594627,80721800
3/24/2014,40.34,40.639999,39.860001,40.5,35.895988,46098400
3/25/2014,40.66,40.990002,39.959999,40.34,35.754177,43193100
3/26/2014,40.48,40.709999,39.599998,39.790001,35.266697,41977500
3/27/2014,39.740002,39.970001,39.34,39.360001,34.885582,35369200
3/28/2014,39.790001,40.639999,39.68,40.299999,35.718719,43472700
3/31/2014,40.43,41.5,40.400002,40.990002,36.330292,46886300
4/1/2014,41.150002,41.59,41.07,41.419998,36.711403,32605000
4/2/2014,41.439999,41.66,41.169998,41.349998,36.649364,28666700
4/3/2014,41.290001,41.290001,40.709999,41.009998,36.348003,30139600
4/4/2014,41.25,41.389999,39.639999,39.869999,35.337605,51409600
4/7/2014,39.959999,40.27,39.740002,39.799999,35.275562,37559600
4/8/2014,39.75,39.93,39.200001,39.82,35.293293,35918600
4/9/2014,39.93,40.549999,39.880001,40.470001,35.869404,27398700
4/10/2014,40.439999,40.689999,39.09,39.360001,34.885582,45960800
4/11/2014,39,39.790001,39,39.209999,34.752632,34330200
4/14/2014,39.110001,39.41,38.900002,39.18,34.72604,32006600
4/15/2014,39.34,39.959999,39.049999,39.75,35.231239,33968700
4/16/2014,40.060001,40.419998,39.91,40.400002,35.807358,30615800
4/17/2014,40.009998,40.200001,39.509998,40.009998,35.461689,36688400
4/21/2014,40.130001,40.150002,39.790001,39.939999,35.399647,22221200
4/22/2014,39.959999,40.139999,39.830002,39.990002,35.44397,27056700
4/23/2014,39.990002,39.990002,39.470001,39.689999,35.178062,24602800
4/24/2014,39.740002,39.970001,39.299999,39.860001,35.328739,42381600
4/25/2014,40.290001,40.68,39.75,39.91,35.373058,56876800
4/28/2014,40.139999,41.290001,40.09,40.869999,36.223927,50610200
4/29/2014,41.099998,41.189999,40.389999,40.509998,35.904846,29636200
4/30/2014,40.400002,40.5,40.169998,40.400002,35.807358,35458700
5/1/2014,40.240002,40.360001,39.950001,40,35.452824,28787400
5/2/2014,40.310001,40.34,39.66,39.689999,35.178062,43416600
5/5/2014,39.52,39.639999,39.299999,39.43,34.947632,22460900
5/6/2014,39.290001,39.349998,38.950001,39.060001,34.619694,27112400
5/7/2014,39.220001,39.509998,38.509998,39.419998,34.938759,41744500
5/8/2014,39.34,39.900002,38.970001,39.639999,35.133751,32120400
5/9/2014,39.540001,39.849998,39.369999,39.540001,35.04512,29647600
5/12/2014,39.740002,40.02,39.650002,39.970001,35.426235,22782600
5/13/2014,39.919998,40.5,39.849998,40.419998,36.077816,27004800
5/14/2014,40.299999,40.450001,40.049999,40.240002,35.917152,18818700
5/15/2014,40.09,40.400002,39.509998,39.599998,35.345901,37793200
5/16/2014,39.669998,39.84,39.27,39.830002,35.551193,29867100
5/19/2014,39.610001,39.82,39.459999,39.75,35.47979,24537400
5/20/2014,39.68,39.939999,39.459999,39.68,35.417309,21320900
5/21/2014,39.799999,40.349998,39.740002,40.349998,36.015331,22398700
5/22/2014,40.290001,40.349998,39.849998,40.099998,35.792187,20201800
5/23/2014,40.369999,40.369999,40,40.119999,35.810043,18020000
5/27/2014,40.259998,40.259998,39.810001,40.189999,35.872528,26160600
5/28/2014,40.139999,40.189999,39.82,40.009998,35.711864,25711500
5/29/2014,40.150002,40.349998,39.91,40.34,36.006409,19888200
5/30/2014,40.450001,40.970001,40.25,40.939999,36.541954,34567600
6/2/2014,40.950001,41.09,40.68,40.790001,36.40807,18504300
6/3/2014,40.599998,40.68,40.25,40.290001,35.961777,18068900
6/4/2014,40.209999,40.369999,39.860001,40.32,35.988556,23209000
6/5/2014,40.59,41.25,40.400002,41.209999,36.782948,31865200
6/6/2014,41.48,41.66,41.240002,41.48,37.023937,24060500
6/9/2014,41.389999,41.48,41.02,41.27,36.836502,15019200
6/10/2014,41.029999,41.16,40.860001,41.110001,36.693691,15117700
6/11/2014,40.93,41.07,40.77,40.860001,36.470551,18040000
6/12/2014,40.810001,40.880001,40.290001,40.580002,36.220631,29818900
6/13/2014,41.099998,41.57,40.860001,41.23,36.8008,26310000
6/16/2014,41.040001,41.610001,41.040001,41.5,37.041805,24205300
6/17/2014,41.290001,41.91,40.34,41.68,37.202457,22518600
6/18/2014,41.610001,41.740002,41.18,41.650002,37.17569,27097000
6/19/2014,41.57,41.77,41.330002,41.509998,37.050716,19828200
6/20/2014,41.450001,41.830002,41.380001,41.68,37.202457,47764900
6/23/2014,41.73,42,41.689999,41.990002,37.479153,18743900
6/24/2014,41.830002,41.939999,41.560001,41.75,37.264938,26509100
6/25/2014,41.700001,42.049999,41.459999,42.029999,37.514858,20049100
6/26/2014,41.93,41.939999,41.43,41.720001,37.238167,23604400
6/27/2014,41.610001,42.290001,41.509998,42.25,37.711227,74640000
6/30/2014,42.169998,42.209999,41.700001,41.700001,37.220306,30793100
7/1/2014,41.860001,42.150002,41.689999,41.869999,37.372051,26917000
7/2/2014,41.73,41.900002,41.529999,41.900002,37.398827,20208100
7/3/2014,41.91,41.990002,41.560001,41.799999,37.30957,15969300
7/7/2014,41.75,42.119999,41.709999,41.990002,37.479153,21952400
7/8/2014,41.869999,42,41.610001,41.779999,37.291714,31218200
7/9/2014,41.98,41.990002,41.529999,41.669998,37.193535,18445900
7/10/2014,41.369999,42,41.049999,41.689999,37.21138,21854700
7/11/2014,41.700001,42.09,41.48,42.09,37.568409,24083000
7/14/2014,42.220001,42.450001,42.040001,42.139999,37.613037,21881100
7/15/2014,42.330002,42.470001,42.029999,42.450001,37.88974,28748700
7/16/2014,42.509998,44.310001,42.48,44.080002,39.344639,63318000
7/17/2014,45.450001,45.709999,44.25,44.529999,39.746288,82180300
7/18/2014,44.650002,44.84,44.25,44.689999,39.889099,43407500
7/21/2014,44.560001,45.16,44.220001,44.84,40.022984,37604400
7/22/2014,45,45.150002,44.59,44.830002,40.014069,43095800
7/23/2014,45.450001,45.450001,44.619999,44.869999,40.049759,52362900
7/24/2014,44.93,45,44.32,44.400002,39.630257,30725300
7/25/2014,44.299999,44.66,44.299999,44.5,39.719521,26737700
7/28/2014,44.360001,44.509998,43.93,43.970001,39.24646,29684200
7/29/2014,43.91,44.09,43.639999,43.889999,39.175037,27763100
7/30/2014,44.07,44.099998,43.290001,43.580002,38.89835,31921400
7/31/2014,43.380001,43.689999,43.080002,43.16,38.523479,31537500
8/1/2014,43.209999,43.25,42.599998,42.860001,38.255699,31170300
8/4/2014,42.970001,43.470001,42.810001,43.369999,38.710911,34277400
8/5/2014,43.310001,43.459999,42.830002,43.080002,38.452057,26266400
8/6/2014,42.740002,43.169998,42.209999,42.740002,38.148594,24634000
8/7/2014,42.84,43.450001,42.650002,43.23,38.585949,30314900
8/8/2014,43.23,43.32,42.91,43.200001,38.559177,28942700
8/11/2014,43.259998,43.450001,43.02,43.200001,38.559177,20351600
8/12/2014,43.040001,43.59,43,43.52,38.844803,21431100
8/13/2014,43.68,44.18,43.52,44.080002,39.344639,22889500
8/14/2014,44.080002,44.419998,44.009998,44.27,39.514217,19313200
8/15/2014,44.580002,44.900002,44.400002,44.790001,39.978359,41611300
8/18/2014,44.939999,45.110001,44.68,45.110001,40.263988,26891100
8/19/2014,44.970001,45.34,44.830002,45.330002,40.713062,28139500
8/20/2014,45.34,45.400002,44.900002,44.950001,40.371761,24770500
8/21/2014,44.84,45.25,44.830002,45.220001,40.614262,22285500
8/22/2014,45.349998,45.470001,45.07,45.150002,40.551392,18294500
8/25/2014,45.400002,45.439999,45.040001,45.169998,40.569347,16910000
8/26/2014,45.310001,45.400002,44.939999,45.009998,40.425652,14873100
8/27/2014,44.900002,45,44.759998,44.869999,40.299908,21287900
8/28/2014,44.75,44.98,44.610001,44.880001,40.308887,17657600
8/29/2014,45.09,45.439999,44.860001,45.43,40.802876,21607600
9/2/2014,45.43,45.459999,44.849998,45.09,40.497501,22976800
9/3/2014,44.529999,45.110001,44.529999,44.959999,40.380741,33684500
9/4/2014,44.740002,45.27,44.720001,45.259998,40.650185,26475500
9/5/2014,45.110001,45.93,45.110001,45.91,41.23399,36939400
9/8/2014,46.02,46.799999,45.990002,46.470001,41.736946,45736700
9/9/2014,46.470001,46.970001,46.419998,46.759998,41.997414,40302400
9/10/2014,46.82,46.939999,46.279999,46.84,42.069256,27302400
9/11/2014,46.740002,47,46.470001,47,42.212963,29216400
9/12/2014,46.91,47.02,46.599998,46.700001,41.94352,38244700
9/15/2014,46.540001,46.709999,46.099998,46.240002,41.53038,37667600
9/16/2014,46.389999,46.849998,46.290001,46.759998,41.997414,27910600
9/17/2014,46.259998,46.689999,46.23,46.52,41.781864,38311900
9/18/2014,46.59,46.830002,46.459999,46.68,41.925568,35556600
9/19/2014,46.810001,47.57,46.599998,47.52,42.680004,202522400
9/22/2014,47.299999,47.380001,46.98,47.060001,42.266853,38686100
9/23/2014,46.849998,46.98,46.470001,46.560001,41.817787,33430300
9/24/2014,46.630001,47.110001,46.34,47.080002,42.284824,26582700
9/25/2014,46.880001,47.09,46.029999,46.040001,41.350746,33077400
9/26/2014,45.93,46.619999,45.759998,46.41,41.683056,27078800
9/29/2014,45.98,46.560001,45.759998,46.439999,41.709995,26091000
9/30/2014,46.369999,46.48,46.009998,46.360001,41.638149,33033100
10/1/2014,46.27,46.529999,45.849998,45.900002,41.225014,38088400
10/2/2014,45.830002,46.099998,45.639999,45.759998,41.099262,25119400
10/3/2014,45.98,46.299999,45.610001,46.09,41.395657,32453200
10/6/2014,46.119999,46.299999,45.919998,46.09,41.395657,20604000
10/7/2014,45.860001,45.93,45.419998,45.529999,40.892685,25723700
10/8/2014,45.48,46.889999,45.34,46.779999,42.015377,33031000
10/9/2014,46.5,46.799999,45.740002,45.849998,41.180096,34422800
10/10/2014,45.599998,46.119999,43.950001,44.029999,39.545464,51978100
10/13/2014,43.82,44.560001,43.490002,43.650002,39.204174,37100200
10/14/2014,43.869999,44.380001,43.560001,43.73,39.276024,38115700
10/15/2014,43,43.389999,42.099998,43.220001,38.817978,60218700
10/16/2014,42.529999,43.080002,42.220001,42.740002,38.386864,49040400
10/17/2014,43.200001,43.939999,42.790001,43.630001,39.186207,40683300
10/20/2014,43.060001,44.139999,42.810001,44.080002,39.590382,34527900
10/21/2014,44.360001,44.98,44.189999,44.880001,40.308887,36433800
10/22/2014,45,45.07,44.23,44.380001,39.859825,33570900
10/23/2014,44.619999,45.450001,44.529999,45.02,40.434635,45451900
10/24/2014,46.830002,46.900002,45.18,46.130001,41.431587,61076700
10/27/2014,45.709999,46.099998,45.709999,45.91,41.23399,30371300
10/28/2014,45.860001,46.5,45.77,46.490002,41.754906,29049800
10/29/2014,46.439999,46.700001,46.34,46.619999,41.871666,30276100
10/30/2014,46.32,46.32,45.77,46.049999,41.35973,30073900
10/31/2014,46.939999,46.970001,46.48,46.950001,42.168056,35849700
11/3/2014,46.889999,47.459999,46.73,47.439999,42.608147,23130400
11/4/2014,47.299999,47.73,47.25,47.57,42.724918,21530800
11/5/2014,47.799999,47.900002,47.259998,47.860001,42.985371,22449600
11/6/2014,47.860001,48.860001,47.790001,48.700001,43.739822,33037800
11/7/2014,48.919998,48.919998,48.290001,48.68,43.721859,28000600
11/10/2014,48.650002,49.150002,48.549999,48.889999,43.910461,36370100
11/11/2014,48.849998,48.950001,48.650002,48.869999,43.892502,23445200
11/12/2014,48.560001,48.919998,48.52,48.779999,43.811672,22722100
11/13/2014,48.810001,49.650002,48.709999,49.610001,44.557137,26210400
11/14/2014,49.740002,50.049999,49.389999,49.580002,44.530193,29081700
11/17/2014,49.41,49.709999,49.139999,49.459999,44.422413,30318600
11/18/2014,49.130001,49.330002,48.700001,48.740002,44.051849,23995500
11/19/2014,48.66,48.75,47.93,48.220001,43.581863,26177500
11/20/2014,48,48.700001,47.869999,48.700001,44.015697,21510600
11/21/2014,49.02,49.049999,47.57,47.98,43.364952,42884800
11/24/2014,47.990002,48,47.389999,47.59,43.012459,35434200
11/25/2014,47.66,47.970001,47.450001,47.470001,42.903999,28008000
11/26/2014,47.490002,47.990002,47.279999,47.75,43.157066,27163600
11/28/2014,47.950001,48.200001,47.610001,47.810001,43.211304,21534400
12/1/2014,47.880001,48.779999,47.709999,48.619999,43.943386,31191600
12/2/2014,48.84,49.049999,48.200001,48.459999,43.798779,25773500
12/3/2014,48.439999,48.5,47.810001,48.080002,43.45533,23534800
12/4/2014,48.389999,49.060001,48.200001,48.84,44.142227,30320400
12/5/2014,48.82,48.970001,48.380001,48.419998,43.762627,27313400
12/8/2014,48.259998,48.349998,47.450001,47.700001,43.111877,26663100
12/9/2014,47.110001,47.919998,47.049999,47.59,43.012459,24330500
12/10/2014,47.580002,47.66,46.700001,46.900002,42.388824,30431800
12/11/2014,47.080002,47.740002,46.68,47.169998,42.632866,29060400
12/12/2014,46.779999,47.73,46.669998,46.950001,42.434021,34248400
12/15/2014,47.200001,47.669998,46.549999,46.669998,42.18095,29247800
12/16/2014,45.900002,46.34,45.130001,45.16,40.816196,47801400
12/17/2014,45.049999,45.950001,44.900002,45.740002,41.340412,34970900
12/18/2014,46.580002,47.52,46.34,47.52,42.949196,40105600
12/19/2014,47.630001,48.099998,47.169998,47.66,43.075729,64551200
12/22/2014,47.779999,48.119999,47.709999,47.98,43.364952,26566000
12/23/2014,48.369999,48.799999,48.130001,48.450001,43.789745,23648100
12/24/2014,48.639999,48.639999,48.080002,48.139999,43.509563,11437800
12/26/2014,48.41,48.41,47.82,47.880001,43.274559,13197800
12/29/2014,47.700001,47.779999,47.259998,47.450001,42.885925,14439500
12/30/2014,47.439999,47.619999,46.84,47.02,42.49728,16384700
12/31/2014,46.73,47.439999,46.450001,46.450001,41.982117,21552500
1/2/2015,46.66,47.419998,46.540001,46.759998,42.262299,27913900
1/5/2015,46.369999,46.73,46.25,46.330002,41.873657,39673900
1/6/2015,46.380001,46.75,45.540001,45.650002,41.25906,36447900
1/7/2015,45.98,46.459999,45.490002,46.23,41.783279,29114100
1/8/2015,46.75,47.75,46.720001,47.59,43.012459,29645200
1/9/2015,47.610001,47.82,46.900002,47.189999,42.650936,23942800
1/12/2015,47.419998,47.540001,46.360001,46.599998,42.117683,23651900
1/13/2015,46.970001,47.91,46.060001,46.360001,41.900768,35270600
1/14/2015,45.959999,46.240002,45.619999,45.959999,41.539242,29719600
1/15/2015,46.220001,46.380001,45.41,45.48,41.105419,32750800
1/16/2015,45.310001,46.279999,45.169998,46.240002,41.792316,35695300
1/20/2015,46.299999,46.650002,45.57,46.389999,41.927883,36041400
1/21/2015,45.939999,46.139999,45.48,45.919998,41.503086,39081100
1/22/2015,46.380001,47.139999,46.080002,47.130001,42.596706,35898000
1/23/2015,47.360001,47.389999,46.799999,47.18,42.641899,26047800
1/26/2015,47,47.130001,46.240002,47.009998,42.488251,42525500
1/27/2015,42.950001,43.200001,42.110001,42.66,38.55666,169164000
1/28/2015,42.740002,42.790001,41.16,41.189999,37.228054,84507100
1/29/2015,40.93,42.119999,40.790001,42.009998,37.969181,63585300
1/30/2015,41.549999,41.580002,40.349998,40.400002,36.51405,78004900
2/2/2015,40.59,41.369999,40.23,41.279999,37.309399,50352500
2/3/2015,41.630001,41.93,41.049999,41.599998,37.598621,51890200
2/4/2015,41.939999,42.209999,41.360001,41.84,37.81554,41614800
2/5/2015,42.220001,42.639999,41.860001,42.450001,38.366859,36548200
2/6/2015,42.68,42.790001,42.150002,42.41,38.330711,34311700
2/9/2015,42.240002,42.740002,42.209999,42.360001,38.285507,31381100
2/10/2015,42.740002,42.77,42.18,42.599998,38.502438,29670700
2/11/2015,42.650002,42.650002,42.209999,42.380001,38.303604,38262500
2/12/2015,42.66,43.09,42.509998,43.09,38.945305,33268800
2/13/2015,43.380001,43.869999,43.150002,43.869999,39.650276,40264900
2/17/2015,43.970001,44,43.189999,43.580002,39.668488,33695700
2/18/2015,43.630001,43.700001,43.389999,43.529999,39.622963,27074900
2/19/2015,43.18,43.529999,43.049999,43.5,39.595669,27603400
2/20/2015,43.509998,43.880001,43.290001,43.860001,39.923355,29721100
2/23/2015,43.700001,44.189999,43.650002,44.150002,40.187321,32518800
2/24/2015,44.150002,44.299999,43.919998,44.09,40.132706,25253000
2/25/2015,43.950001,44.09,43.799999,43.990002,40.041679,29759800
2/26/2015,43.990002,44.23,43.889999,44.060001,40.105404,28957300
2/27/2015,44.130001,44.200001,43.66,43.849998,39.914246,33807700
3/2/2015,43.669998,44.189999,43.549999,43.880001,39.941555,31924000
3/3/2015,43.560001,43.830002,43.09,43.279999,39.395409,31748600
3/4/2015,43.009998,43.209999,42.880001,43.060001,39.19516,25705800
3/5/2015,43.07,43.240002,42.82,43.110001,39.240669,23193500
3/6/2015,43,43.110001,42.150002,42.360001,38.55798,36248800
3/9/2015,42.189999,43.130001,42.189999,42.849998,39.004002,32108000
3/10/2015,42.349998,42.709999,42.029999,42.029999,38.257599,38506100
3/11/2015,42.310001,42.369999,41.84,41.98,38.212086,32215300
3/12/2015,41.330002,41.650002,40.860001,41.02,37.338257,59992500
3/13/2015,40.700001,41.470001,40.610001,41.380001,37.665939,58007700
3/16/2015,41.470001,41.639999,41.279999,41.560001,37.829784,35273500
3/17/2015,41.369999,41.830002,41.150002,41.700001,37.957226,31587200
3/18/2015,41.43,42.830002,41.330002,42.5,38.685425,43971800
3/19/2015,42.259998,42.59,42.220001,42.290001,38.49427,33879100
3/20/2015,42.560001,42.98,42.490002,42.880001,39.031315,71904500
3/23/2015,42.880001,43.130001,42.779999,42.860001,39.013103,26049000
3/24/2015,42.779999,43.169998,42.75,42.900002,39.049515,25513300
3/25/2015,42.919998,42.93,41.439999,41.459999,37.738766,43469900
3/26/2015,41.220001,41.610001,40.919998,41.209999,37.511208,37495600
3/27/2015,41.119999,41.43,40.830002,40.970001,37.292747,33820300
3/30/2015,41.099998,41.540001,40.91,40.959999,37.283646,35049700
3/31/2015,40.779999,41.029999,40.540001,40.66,37.010563,34887200
4/1/2015,40.599998,40.759998,40.310001,40.720001,37.065178,36752000
4/2/2015,40.66,40.740002,40.119999,40.290001,36.673775,37487500
4/6/2015,40.34,41.779999,40.18,41.549999,37.82069,39223700
4/7/2015,41.610001,41.91,41.310001,41.529999,37.802471,28809400
4/8/2015,41.459999,41.689999,41.040001,41.419998,37.702351,24753400
4/9/2015,41.25,41.619999,41.25,41.48,37.756966,25723900
4/10/2015,41.630001,41.950001,41.41,41.720001,37.975422,28022000
4/13/2015,41.400002,42.060001,41.389999,41.759998,38.011837,30276700
4/14/2015,41.799999,42.029999,41.389999,41.650002,37.911709,24078000
4/15/2015,41.759998,42.459999,41.68,42.259998,38.466953,27343600
4/16/2015,41.950001,42.34,41.82,42.16,38.375938,22509700
4/17/2015,41.669998,41.740002,41.16,41.619999,37.884396,42387600
4/20/2015,41.73,43.169998,41.68,42.91,39.058613,45738800
4/21/2015,43,43.150002,42.529999,42.639999,38.812855,26013800
4/22/2015,42.669998,43.130001,42.549999,42.990002,39.131443,25064300
4/23/2015,42.889999,43.610001,42.799999,43.34,39.450024,46309500
4/24/2015,45.66,48.139999,45.650002,47.869999,43.573433,130933700
4/27/2015,47.23,48.130001,47.220001,48.029999,43.71907,59248200
4/28/2015,47.779999,49.209999,47.700001,49.16,44.747643,60730800
4/29/2015,48.720001,49.310001,48.5,49.060001,44.656624,47804600
4/30/2015,48.700001,49.540001,48.599998,48.639999,44.274323,64725500
5/1/2015,48.580002,48.880001,48.400002,48.66,44.292522,38937300
5/4/2015,48.369999,48.869999,48.18,48.240002,43.910229,34039500
5/5/2015,47.82,48.16,47.310001,47.599998,43.327667,50369200
5/6/2015,47.57,47.77,46.02,46.279999,42.126137,52433000
5/7/2015,46.27,47.09,46.16,46.700001,42.508442,32971700
5/8/2015,47.549999,47.98,47.52,47.75,43.464203,35364900
5/11/2015,47.549999,47.91,47.369999,47.369999,43.118309,24609400
5/12/2015,46.849998,47.68,46.419998,47.349998,43.100109,29928300
5/13/2015,48.189999,48.32,47.57,47.630001,43.354969,34184600
5/14/2015,48.029999,48.82,48.029999,48.720001,44.347137,32980900
5/15/2015,48.869999,48.91,48.049999,48.299999,43.964844,28642700
5/18/2015,47.98,48.220001,47.610001,48.009998,43.700871,23631000
5/19/2015,47.560001,47.810001,47.18,47.580002,43.590927,28574800
5/20/2015,47.389999,47.93,47.27,47.580002,43.590927,25047900
5/21/2015,47.279999,47.599998,47.009998,47.419998,43.444336,22410700
5/22/2015,47.299999,47.349998,46.82,46.900002,42.967941,25720600
5/26/2015,46.830002,46.880001,46.189999,46.59,42.683933,29581900
5/27/2015,46.82,47.77,46.619999,47.610001,43.618412,27335600
5/28/2015,47.5,48.02,47.389999,47.450001,43.471828,19283700
5/29/2015,47.43,47.57,46.59,46.860001,42.931293,35428100
6/1/2015,47.060001,47.77,46.619999,47.23,43.270256,28837300
6/2/2015,46.93,47.349998,46.619999,46.919998,42.986263,21283400
6/3/2015,47.369999,47.740002,46.82,46.849998,42.922131,28002200
6/4/2015,46.790001,47.16,46.200001,46.360001,42.473209,27745500
6/5/2015,46.310001,46.52,45.84,46.139999,42.271656,25438100
6/8/2015,46.299999,46.43,45.669998,45.73,41.896034,21822300
6/9/2015,45.759998,45.939999,45.459999,45.650002,41.822739,24406100
6/10/2015,45.790001,46.830002,45.689999,46.610001,42.702251,28417400
6/11/2015,46.66,46.919998,46.130001,46.439999,42.546494,27347800
6/12/2015,46.220001,46.470001,45.900002,45.970001,42.115906,23931000
6/15/2015,45.450001,45.650002,45.02,45.48,41.666996,33254500
6/16/2015,45.349998,46.240002,45.299999,45.830002,41.987644,27070300
6/17/2015,45.73,46.07,45.360001,45.970001,42.115906,28704100
6/18/2015,46.220001,46.799999,46.169998,46.720001,42.803032,32658300
6/19/2015,46.790001,46.830002,45.990002,46.099998,42.235016,63837000
6/22/2015,46.330002,46.720001,46.16,46.23,42.354111,20318100
6/23/2015,46.130001,46.279999,45.619999,45.91,42.060944,25896500
6/24/2015,45.669998,46.25,45.549999,45.639999,41.81358,34890900
6/25/2015,46.029999,46.060001,45.5,45.650002,41.822739,20616000
6/26/2015,45.650002,46.279999,45.029999,45.259998,41.465439,49835300
6/29/2015,45.040001,45.23,44.360001,44.369999,40.650051,34081700
6/30/2015,44.709999,44.720001,43.939999,44.150002,40.44849,35945400
7/1/2015,44.459999,45.23,44.099998,44.450001,40.723351,28343900
7/2/2015,44.48,44.75,44.060001,44.400002,40.677536,21752000
7/6/2015,43.959999,44.48,43.950001,44.389999,40.668369,23034000
7/7/2015,44.34,44.490002,43.32,44.299999,40.585918,36435800
7/8/2015,44.439999,44.900002,44.029999,44.240002,40.530941,39785900
7/9/2015,44.75,45.220001,44.5,44.52,40.787479,32424700
7/10/2015,45.009998,45.139999,44.57,44.610001,40.86993,25465800
7/13/2015,44.98,45.619999,44.950001,45.540001,41.721962,28178300
7/14/2015,45.450001,45.959999,45.310001,45.619999,41.795258,22880300
7/15/2015,45.68,45.889999,45.43,45.759998,41.923512,26629600
7/16/2015,46.009998,46.689999,45.970001,46.66,42.748055,26271700
7/17/2015,46.549999,46.779999,46.259998,46.619999,42.711411,29467100
7/20/2015,46.650002,47.130001,46.439999,46.919998,42.986263,30631900
7/21/2015,46.779999,47.330002,46.48,47.279999,43.316078,42781900
7/22/2015,45.439999,46.93,45.200001,45.540001,41.721962,59152400
7/23/2015,45.27,46.23,45.099998,46.110001,42.244175,33934000
7/24/2015,45.91,46.32,45.799999,45.939999,42.088425,32333200
7/27/2015,45.939999,46.009998,45.25,45.349998,41.547886,39701400
7/28/2015,45.580002,45.639999,44.790001,45.34,41.538727,34328900
7/29/2015,45.400002,46.779999,45.259998,46.290001,42.409073,40945900
7/30/2015,46.259998,47.400002,45.93,46.880001,42.949619,39777900
7/31/2015,47.290001,47.369999,46.5,46.700001,42.784706,31201500
8/3/2015,46.98,47,46.450001,46.810001,42.88549,24125900
8/4/2015,46.75,47.709999,46.68,47.540001,43.554279,33403900
8/5/2015,47.98,48.41,47.540001,47.580002,43.590927,26959700
8/6/2015,47.709999,47.77,46.330002,46.619999,42.711411,27368000
8/7/2015,46.389999,46.779999,46.259998,46.740002,42.821358,19163000
8/10/2015,46.950001,47.490002,46.84,47.330002,43.361889,23079900
8/11/2015,46.82,46.939999,45.900002,46.41,42.519016,28384300
8/12/2015,46.189999,46.900002,45.709999,46.740002,42.821358,30181400
8/13/2015,47.060001,47.099998,46.490002,46.73,42.812191,22627200
8/14/2015,46.529999,47.099998,46.52,47,43.059555,21356800
8/17/2015,46.810001,47.450001,46.57,47.32,43.352722,21099700
8/18/2015,46.84,47.43,46.700001,47.27,43.592503,23574100
8/19/2015,46.779999,47.080002,46.299999,46.610001,42.983849,31485500
8/20/2015,46.07,46.470001,45.66,45.66,42.107746,36238200
8/21/2015,45.299999,45.48,43.07,43.07,39.719246,70053100
8/24/2015,40.450001,42.689999,39.720001,41.68,38.437386,88753700
8/25/2015,42.57,43.240002,40.389999,40.470001,37.321522,70616600
8/26/2015,42.009998,42.84,41.060001,42.709999,39.387253,63408000
8/27/2015,43.23,43.950001,42.93,43.900002,40.48468,50943200
8/28/2015,43.400002,44.150002,43.389999,43.93,40.512337,28246700
8/31/2015,43.560001,43.93,43.099998,43.52,40.134235,34159100
9/1/2015,42.169998,42.59,41.66,41.82,38.566498,49688900
9/2/2015,42.360001,43.380001,41.880001,43.360001,39.986687,37671500
9/3/2015,43.41,43.98,43.279999,43.5,40.115807,28285200
9/4/2015,42.810001,43.040001,42.200001,42.610001,39.295036,37138800
9/8/2015,43.299999,44,43.200001,43.889999,40.475452,32469800
9/9/2015,44.209999,44.400002,42.91,43.07,39.719246,33318800
9/10/2015,43.119999,43.790001,42.75,43.290001,39.922138,31366600
9/11/2015,43.139999,43.59,42.939999,43.48,40.097351,27132500
9/14/2015,43.43,43.439999,42.860001,43.040001,39.691589,23656000
9/15/2015,43.189999,44.290001,43.080002,43.98,40.55846,28662100
9/16/2015,43.970001,44.380001,43.84,44.299999,40.853558,23372200
9/17/2015,44.290001,45,44.080002,44.25,40.807446,32768200
9/18/2015,43.5,43.990002,43.330002,43.48,40.097351,62221600
9/21/2015,43.619999,44.470001,43.599998,44.110001,40.678337,26177200
9/22/2015,43.380001,44.049999,43.310001,43.900002,40.48468,28085900
9/23/2015,43.93,44.169998,43.509998,43.869999,40.457005,17145200
9/24/2015,43.450001,44.130001,43.27,43.91,40.493896,27905600
9/25/2015,44.48,44.73,43.759998,43.939999,40.521564,29384600
9/28/2015,43.830002,44.09,43.209999,43.290001,39.922138,27613800
9/29/2015,43.369999,43.57,43.049999,43.439999,40.060467,32763600
9/30/2015,43.880001,44.299999,43.66,44.259998,40.816662,34589500
10/1/2015,44.75,44.75,43.75,44.610001,41.139439,28657900
10/2/2015,44.27,45.57,43.919998,45.57,42.024754,41839000
10/5/2015,45.75,46.889999,45.700001,46.630001,43.002285,34369300
10/6/2015,46.330002,47.18,46.220001,46.75,43.112953,27017200
10/7/2015,47.099998,47.349998,45.950001,46.799999,43.159058,27711500
10/8/2015,46.560001,47.52,46.5,47.450001,43.758499,33772700
10/9/2015,47.450001,47.540001,46.919998,47.110001,43.444946,28600600
10/12/2015,46.98,47.07,46.5,47,43.343502,19769100
10/13/2015,46.560001,47.130001,46.560001,46.889999,43.242062,19987800
10/14/2015,46.650002,47.099998,46.529999,46.68,43.048401,24697800
10/15/2015,47.009998,47.029999,46.529999,47.009998,43.352718,27189400
10/16/2015,47.02,47.540001,46.900002,47.509998,43.813831,26450300
10/19/2015,47.419998,47.880001,47.02,47.619999,43.915264,29387600
10/20/2015,47.439999,47.810001,47.02,47.77,44.053604,30574000
10/21/2015,47.919998,47.990002,47.110001,47.200001,43.527943,25144300
10/22/2015,47.529999,48.950001,47.09,48.029999,44.293365,56637100
10/23/2015,52.299999,54.07,52.25,52.869999,48.756828,135227100
10/26/2015,52.529999,54.32,52.5,54.25,50.029476,64633300
10/27/2015,53.990002,54.369999,53.580002,53.689999,49.513035,50999900
10/28/2015,53.540001,53.98,52.860001,53.98,49.780476,47000800
10/29/2015,53.540001,53.830002,53.220001,53.360001,49.208714,30036300
10/30/2015,53.32,53.990002,52.619999,52.639999,48.544724,46619800
11/2/2015,52.849998,53.360001,52.619999,53.240002,49.098042,30285000
11/3/2015,52.93,54.389999,52.900002,54.150002,49.937263,36596900
11/4/2015,54.18,54.880001,54.060001,54.400002,50.167805,37020400
11/5/2015,54.490002,54.700001,54,54.380001,50.149361,31468500
11/6/2015,54.09,54.98,53.959999,54.919998,50.647339,32851200
11/9/2015,54.549999,54.869999,53.560001,54.16,49.946476,32513100
11/10/2015,54.07,54.130001,53.27,53.509998,49.347046,55283700
11/11/2015,53.700001,54.200001,53.459999,53.650002,49.476151,36516300
11/12/2015,53.48,53.98,53.189999,53.32,49.171825,35361100
11/13/2015,53.07,53.290001,52.529999,52.84,48.729164,36848200
11/16/2015,53.080002,53.889999,52.849998,53.77,49.586811,32165200
11/17/2015,53.169998,53.529999,52.849998,52.970001,49.178307,31551300
11/18/2015,53,53.98,52.98,53.849998,49.995316,29710000
11/19/2015,53.990002,54.66,53.779999,53.939999,50.078884,28149200
11/20/2015,54.25,54.299999,53.27,54.189999,50.310982,37147600
11/23/2015,54.25,54.459999,53.75,54.189999,50.310982,28235900
11/24/2015,53.919998,54.439999,53.580002,54.25,50.366692,24600000
11/25/2015,54.09,54.23,53.689999,53.689999,49.846775,21005100
11/27/2015,53.799999,54.080002,53.790001,53.93,50.069584,9009100
11/30/2015,54.540001,54.959999,54,54.349998,50.459522,56241400
12/1/2015,54.41,55.23,54.299999,55.220001,51.267258,39952800
12/2/2015,55.32,55.959999,55.060001,55.209999,51.257973,47274900
12/3/2015,55.490002,55.77,53.93,54.200001,50.320263,38627800
12/4/2015,54.119999,56.23,54.099998,55.91,51.907856,43963700
12/7/2015,55.790001,55.970001,55.290001,55.810001,51.815018,30709800
12/8/2015,55.470001,56.099998,54.990002,55.790001,51.796452,32878000
12/9/2015,55.369999,55.869999,54.509998,54.98,51.044437,36373200
12/10/2015,55.389999,55.66,55.009998,55.27,51.313667,31620700
12/11/2015,54.709999,55.099998,54.009998,54.060001,50.190289,39549500
12/14/2015,54.330002,55.209999,53.68,55.139999,51.192982,46768900
12/15/2015,55.66,55.900002,55.09,55.200001,51.24868,39843000
12/16/2015,55.540001,56.25,54.759998,56.130001,52.112106,37503300
12/17/2015,56.360001,56.790001,55.529999,55.700001,51.712891,41280900
12/18/2015,55.77,56,54.029999,54.130001,50.255276,84684200
12/21/2015,54.880001,55.349998,54.23,54.830002,50.905174,37246300
12/22/2015,54.990002,55.48,54.5,55.349998,51.387943,28300300
12/23/2015,55.700001,55.880001,55.439999,55.82,51.824299,27279800
12/24/2015,55.860001,55.959999,55.43,55.669998,51.68504,9570000
12/28/2015,55.349998,55.950001,54.98,55.950001,51.944996,21698000
12/29/2015,56.290001,56.849998,56.060001,56.549999,52.502045,27731400
12/30/2015,56.470001,56.779999,56.290001,56.310001,52.279228,21704500
12/31/2015,56.040001,56.189999,55.419998,55.48,51.508644,27334100
1/4/2016,54.32,54.799999,53.389999,54.799999,50.877312,53778000
1/5/2016,54.93,55.389999,54.540001,55.049999,51.109421,34079700
1/6/2016,54.32,54.400002,53.639999,54.049999,50.181,39518900
1/7/2016,52.700001,53.490002,52.07,52.169998,48.435574,56564900
1/8/2016,52.369999,53.279999,52.150002,52.330002,48.584122,48754000
1/11/2016,52.509998,52.849998,51.459999,52.299999,48.556263,36663600
1/12/2016,52.759998,53.099998,52.060001,52.779999,49.001911,36095500
1/13/2016,53.799999,54.07,51.299999,51.639999,47.943516,66883600
1/14/2016,52,53.419998,51.57,53.110001,49.308292,52381900
1/15/2016,51.310001,51.970001,50.34,50.990002,47.340046,71820700
1/19/2016,51.48,51.68,50.060001,50.560001,46.940826,43564500
1/20/2016,49.98,51.380001,49.099998,50.790001,47.154358,63273000
1/21/2016,51,51.580002,50.299999,50.48,46.866547,40191200
1/22/2016,51.41,52.330002,51.259998,52.290001,48.546993,37555800
1/25/2016,51.939999,52.650002,51.650002,51.790001,48.082779,34707700
1/26/2016,51.790001,52.439999,51.549999,52.169998,48.435574,28699500
1/27/2016,52.009998,52.200001,51.02,51.220001,47.553585,36775200
1/28/2016,51.860001,52.209999,51.25,52.060001,48.33345,62513800
1/29/2016,54.73,55.09,54,55.09,51.146557,83611700
2/1/2016,54.880001,55.09,54.5,54.709999,50.793755,44208500
2/2/2016,54.169998,54.259998,52.650002,53,49.206161,56313800
2/3/2016,53.25,53.389999,51.259998,52.16,48.426289,57559800
2/4/2016,52.099998,52.810001,51.369999,52,48.277744,46803400
2/5/2016,51.939999,52,49.560001,50.16,46.569458,62009000
2/8/2016,49.549999,49.57,48.189999,49.41,45.873138,59290500
2/9/2016,49.02,50.240002,48.669998,49.279999,45.752453,45822200
2/10/2016,49.889999,50.389999,49.52,49.709999,46.151669,38237000
2/11/2016,48.68,50.110001,48.509998,49.689999,46.133099,48878600
2/12/2016,50.25,50.68,49.75,50.5,46.885117,34243300
2/16/2016,50.900002,51.09,50.130001,51.09,47.773445,37291200
2/17/2016,51.490002,52.77,51.450001,52.419998,49.017113,40789000
2/18/2016,52.330002,52.950001,52.099998,52.189999,48.802032,27176000
2/19/2016,51.970001,52.279999,51.529999,51.82,48.456059,33559100
2/22/2016,52.279999,53,52.279999,52.650002,49.232174,25008300
2/23/2016,52.34,52.369999,50.98,51.18,47.857605,28895300
2/24/2016,50.689999,51.5,50.200001,51.360001,48.025921,33014500
2/25/2016,51.73,52.099998,50.610001,52.099998,48.717873,26695900
2/26/2016,52.599998,52.68,51.099998,51.299999,47.96981,35975900
2/29/2016,51.349998,51.650002,50.66,50.880001,47.577076,31654000
3/1/2016,50.970001,52.59,50.919998,52.580002,49.166725,33024500
3/2/2016,52.41,52.959999,52.16,52.950001,49.512703,29289900
3/3/2016,52.970001,52.970001,51.779999,52.349998,48.951649,24418100
3/4/2016,52.400002,52.450001,51.709999,52.029999,48.652424,33034200
3/7/2016,51.560001,51.799999,50.580002,51.029999,47.717339,38407800
3/8/2016,50.799999,52.130001,50.599998,51.650002,48.297096,33835100
3/9/2016,51.889999,52.849998,51.860001,52.84,49.409847,28251600
3/10/2016,52.93,52.939999,51.16,52.049999,48.671127,38384200
3/11/2016,53,53.07,52.380001,53.07,49.624916,32275700
3/14/2016,52.709999,53.59,52.630001,53.169998,49.718426,24083600
3/15/2016,52.75,53.59,52.740002,53.59,50.111156,21104800
3/16/2016,53.450001,54.599998,53.400002,54.349998,50.821819,31691700
3/17/2016,54.209999,55,54,54.66,51.111691,28223900
3/18/2016,54.919998,54.970001,53.450001,53.490002,50.017647,67625500
3/21/2016,53.25,53.93,52.93,53.860001,50.363632,23925700
3/22/2016,53.610001,54.25,53.459999,54.07,50.559998,23124100
3/23/2016,54.110001,54.240002,53.740002,53.970001,50.466488,20129000
3/24/2016,53.84,54.330002,53.73,54.209999,50.690914,19950000
3/28/2016,54.209999,54.290001,53.330002,53.540001,50.064407,17025100
3/29/2016,53.66,54.860001,53.450001,54.709999,51.158447,23375000
3/30/2016,54.93,55.639999,54.900002,55.049999,51.476379,23008300
3/31/2016,54.950001,55.59,54.860001,55.23,51.644699,26360500
4/1/2016,55.049999,55.610001,54.57,55.57,51.962627,24399200
4/4/2016,55.43,55.66,55,55.43,51.831715,18928800
4/5/2016,55.189999,55.299999,54.459999,54.560001,51.018185,19272300
4/6/2016,54.360001,55.200001,54.209999,55.119999,51.541824,21032100
4/7/2016,54.869999,54.91,54.23,54.459999,50.924679,19225100
4/8/2016,54.669998,55.279999,54.32,54.419998,50.887276,22167200
4/11/2016,54.490002,55.150002,54.299999,54.310001,50.784424,21414200
4/12/2016,54.369999,54.779999,53.759998,54.650002,51.102345,24574200
4/13/2016,55.119999,55.439999,54.889999,55.349998,51.756905,20818000
4/14/2016,55.220001,55.580002,55.07,55.360001,51.766258,20875100
4/15/2016,55.299999,55.919998,55.110001,55.650002,52.037437,28793800
4/18/2016,55.490002,56.59,55.209999,56.459999,52.794853,23150300
4/19/2016,56.630001,56.77,55.68,56.389999,52.729389,29596800
4/20/2016,56.290001,56.5,55.490002,55.59,51.981327,36195700
4/21/2016,55.799999,56.23,55.419998,55.779999,52.158989,38909100
4/22/2016,51.91,52.43,50.77,51.779999,48.418652,126834100
4/25/2016,51.779999,52.130001,51.630001,52.110001,48.72723,33226900
4/26/2016,52.259998,52.349998,51.09,51.439999,48.100735,33532600
4/27/2016,51.48,51.5,50.549999,50.939999,47.633183,43369300
4/28/2016,50.619999,50.77,49.560001,49.900002,46.660694,43134800
4/29/2016,49.349998,50.25,49.349998,49.869999,46.632641,48411700
5/2/2016,50,50.75,49.779999,50.610001,47.324608,33114500
5/3/2016,50.34,50.41,49.599998,49.779999,46.548481,26460200
5/4/2016,49.84,50.060001,49.459999,49.869999,46.632641,24257600
5/5/2016,49.869999,50.299999,49.73,49.939999,46.698105,25390700
5/6/2016,49.919998,50.389999,49.66,50.389999,47.118885,24787300
5/9/2016,50.490002,50.59,50,50.07,46.81966,17951600
5/10/2016,50.330002,51.099998,50.189999,51.02,47.707996,22741500
5/11/2016,51.130001,51.779999,51,51.049999,47.736046,24039100
5/12/2016,51.200001,51.810001,50.919998,51.509998,48.16618,24102800
5/13/2016,51.439999,51.900002,51.040001,51.080002,47.764099,22592300
5/16/2016,50.799999,51.959999,50.75,51.830002,48.465408,20032000
5/17/2016,51.720001,51.73,50.360001,50.509998,47.561447,27803500
5/18/2016,50.48,51.139999,50.299999,50.810001,47.843941,24907500
5/19/2016,50.470001,50.619999,49.82,50.32,47.382538,23842400
5/20/2016,50.48,51.220001,50.400002,50.619999,47.665024,23905800
5/23/2016,50.599998,50.68,49.98,50.029999,47.109467,25999700
5/24/2016,50.700001,51.709999,50.400002,51.59,48.578407,34757900
5/25/2016,51.919998,52.490002,51.790001,52.119999,49.077465,24040200
5/26/2016,51.93,51.98,51.360001,51.889999,48.860886,24182900
5/27/2016,51.919998,52.32,51.77,52.32,49.265789,17721400
5/31/2016,52.259998,53,52.080002,53,49.906094,37653100
6/1/2016,52.439999,52.950001,52.439999,52.849998,49.764847,25324800
6/2/2016,52.639999,52.740002,51.84,52.48,49.416458,22565300
6/3/2016,52.380001,52.419998,51.599998,51.790001,48.766731,23368300
6/6/2016,51.990002,52.349998,51.889999,52.130001,49.086884,18243300
6/7/2016,52.240002,52.73,52.099998,52.099998,49.058624,20866800
6/8/2016,52.02,52.439999,51.869999,52.040001,49.002136,21149400
6/9/2016,52,52,51.490002,51.619999,48.606651,20305700
6/10/2016,51.049999,52.049999,51.040001,51.48,48.474823,25833200
6/13/2016,49.580002,50.720001,49.060001,50.139999,47.213043,83217800
6/14/2016,49.900002,50.099998,49.57,49.830002,46.92115,42577100
6/15/2016,49.779999,50.119999,49.689999,49.689999,46.789322,33757600
6/16/2016,49.52,50.470001,49.509998,50.389999,47.448448,31188600
6/17/2016,50.41,50.43,49.82,50.130001,47.203636,45710500
6/20/2016,50.639999,50.830002,50.029999,50.07,47.147133,35607900
6/21/2016,50.200001,51.43,50.16,51.189999,48.201756,34097800
6/22/2016,51.080002,51.459999,50.950001,50.990002,48.013435,28816800
6/23/2016,51.279999,52.060001,51.150002,51.91,48.879723,29028800
6/24/2016,49.810001,50.939999,49.52,49.830002,46.92115,133503000
6/27/2016,49.099998,49.150002,48.040001,48.43,45.602867,50216300
6/28/2016,48.919998,49.470001,48.669998,49.439999,46.553913,38140700
6/29/2016,49.91,50.720001,49.799999,50.540001,47.589706,31304000
6/30/2016,50.720001,51.299999,50.5,51.169998,48.182922,28527800
7/1/2016,51.130001,51.720001,51.07,51.16,48.173504,21400400
7/5/2016,50.830002,51.279999,50.740002,51.169998,48.182922,24806400
7/6/2016,50.779999,51.540001,50.389999,51.380001,48.380665,28167500
7/7/2016,51.419998,51.610001,51.07,51.380001,48.380665,19580800
7/8/2016,51.73,52.360001,51.549999,52.299999,49.246956,28391000
7/11/2016,52.5,52.830002,52.470001,52.59,49.520035,22269200
7/12/2016,52.939999,53.400002,52.790001,53.209999,50.103844,27317600
7/13/2016,53.560001,53.860001,53.18,53.509998,50.386322,25356800
7/14/2016,53.84,53.990002,53.580002,53.740002,50.60289,24545500
7/15/2016,53.950001,54,53.209999,53.700001,50.565235,32024400
7/18/2016,53.700001,54.34,53.549999,53.959999,50.810051,31433900
7/19/2016,53.709999,53.900002,52.93,53.09,49.990841,53336500
7/20/2016,56.150002,56.84,55.529999,55.91,52.646217,89893300
7/21/2016,55.98,56.23,55.759998,55.799999,52.542645,32776700
7/22/2016,56.080002,56.630001,55.779999,56.57,53.267693,32157200
7/25/2016,56.470001,56.740002,56.259998,56.73,53.41835,25610600
7/26/2016,56.52,57.290001,56.509998,56.759998,53.446602,28079000
7/27/2016,56.610001,56.799999,56.110001,56.189999,52.909874,32095300
7/28/2016,56,56.369999,55.720001,56.209999,52.928711,37550400
7/29/2016,56.259998,56.759998,56.049999,56.68,53.371273,30558700
8/1/2016,56.599998,56.75,56.139999,56.580002,53.277107,26003400
8/2/2016,56.849998,56.900002,56.310001,56.580002,53.277107,35122000
8/3/2016,56.68,57.110001,56.490002,56.970001,53.644341,22075600
8/4/2016,56.799999,57.52,56.669998,57.389999,54.039829,26466400
8/5/2016,57.650002,58.209999,57.450001,57.959999,54.57655,29335200
8/8/2016,58.060001,58.09,57.779999,58.060001,54.670712,19473500
8/9/2016,58.169998,58.5,58.02,58.200001,54.802544,16920700
8/10/2016,58.16,58.32,57.82,58.02,54.633053,15756900
8/11/2016,58.029999,58.450001,58.029999,58.299999,54.896706,18133800
8/12/2016,58.029999,58.189999,57.619999,57.939999,54.55772,21655200
8/15/2016,58.009998,58.5,57.959999,58.119999,54.727211,19283900
8/16/2016,57.610001,57.619999,57.27,57.439999,54.424007,20523500
8/17/2016,57.540001,57.68,57.23,57.560001,54.537712,18856400
8/18/2016,57.419998,57.700001,57.27,57.599998,54.575615,14214300
8/19/2016,57.43,57.73,57.200001,57.619999,54.594559,17271000
8/22/2016,57.599998,57.75,57.259998,57.669998,54.64193,15221900
8/23/2016,57.900002,58.18,57.849998,57.889999,54.85038,18732400
8/24/2016,57.799999,58.040001,57.720001,57.950001,54.90723,18151500
8/25/2016,57.880001,58.290001,57.779999,58.169998,55.115677,18552600
8/26/2016,58.279999,58.700001,57.689999,58.029999,54.983032,20971200
8/29/2016,58.18,58.599998,58.099998,58.099998,55.049355,16217900
8/30/2016,57.98,58.189999,57.610001,57.889999,54.85038,16930200
8/31/2016,57.650002,57.799999,57.299999,57.459999,54.442966,20860300
9/1/2016,57.009998,57.82,57.009998,57.59,54.566135,26075400
9/2/2016,57.669998,58.189999,57.419998,57.669998,54.64193,18900500
9/6/2016,57.779999,57.799999,57.209999,57.610001,54.585091,16278400
9/7/2016,57.470001,57.84,57.41,57.66,54.632462,17493400
9/8/2016,57.630001,57.790001,57.18,57.43,54.414532,19972500
9/9/2016,56.790001,57.52,56.209999,56.209999,53.258598,35113900
9/12/2016,56,57.209999,55.610001,57.049999,54.054493,29303000
9/13/2016,56.5,56.650002,56.049999,56.529999,53.561798,30130200
9/14/2016,56.389999,56.630001,56.029999,56.259998,53.305973,24062500
9/15/2016,56.150002,57.349998,55.98,57.189999,54.187138,26847000
9/16/2016,57.630001,57.630001,56.75,57.25,54.243996,44607000
9/19/2016,57.27,57.75,56.849998,56.93,53.940792,20879200
9/20/2016,57.349998,57.349998,56.75,56.810001,53.827087,17384000
9/21/2016,57.509998,57.849998,57.080002,57.759998,54.727215,33707300
9/22/2016,57.919998,58,57.630001,57.82,54.784058,19822200
9/23/2016,57.869999,57.91,57.380001,57.43,54.414532,19955300
9/26/2016,57.080002,57.139999,56.830002,56.900002,53.912373,21688700
9/27/2016,56.93,58.060001,56.68,57.950001,54.90723,28065100
9/28/2016,57.880001,58.060001,57.669998,58.029999,54.983032,20536400
9/29/2016,57.810001,58.169998,57.209999,57.400002,54.386116,25463500
9/30/2016,57.57,57.77,57.34,57.599998,54.575615,29910800
10/3/2016,57.41,57.549999,57.060001,57.419998,54.40506,19189500
10/4/2016,57.27,57.599998,56.970001,57.240002,54.234516,20085900
10/5/2016,57.290001,57.959999,57.259998,57.639999,54.61351,16726400
10/6/2016,57.740002,57.860001,57.279999,57.740002,54.70826,16212600
10/7/2016,57.849998,57.98,57.419998,57.799999,54.765106,20089000
10/10/2016,57.91,58.389999,57.869999,58.040001,54.992504,18084400
10/11/2016,57.889999,58.02,56.889999,57.189999,54.187138,26497400
10/12/2016,57.110001,57.27,56.400002,57.110001,54.11134,22177500
10/13/2016,56.700001,57.299999,56.32,56.919998,53.93132,25313700
10/14/2016,57.119999,57.740002,57.119999,57.419998,54.40506,27402500
10/17/2016,57.360001,57.459999,56.869999,57.220001,54.215561,23830000
10/18/2016,57.529999,57.950001,57.41,57.66,54.632462,18631500
10/19/2016,57.470001,57.84,57.400002,57.529999,54.509281,22878400
10/20/2016,57.5,57.52,56.66,57.25,54.243996,49455600
10/21/2016,60.279999,60.450001,59.490002,59.66,56.527447,80032200
10/24/2016,59.939999,61,59.93,61,57.797089,54067000
10/25/2016,60.849998,61.369999,60.799999,60.990002,57.787621,35137200
10/26/2016,60.810001,61.200001,60.470001,60.630001,57.446514,29911600
10/27/2016,60.610001,60.830002,60.09,60.099998,56.94434,28479900
10/28/2016,60.009998,60.52,59.580002,59.869999,56.726418,33574700
10/31/2016,60.16,60.419998,59.919998,59.919998,56.7738,26434700
11/1/2016,59.970001,60.02,59.25,59.799999,56.660099,24533000
11/2/2016,59.82,59.93,59.299999,59.43,56.309521,22147000
11/3/2016,59.529999,59.639999,59.110001,59.209999,56.101074,21600400
11/4/2016,58.650002,59.279999,58.52,58.709999,55.627327,28697000
11/7/2016,59.779999,60.52,59.779999,60.419998,57.24754,31664800
11/8/2016,60.549999,60.779999,60.150002,60.470001,57.294914,22862000
11/9/2016,60,60.59,59.200001,60.169998,57.010666,49632500
11/10/2016,60.48,60.490002,57.630001,58.700001,55.617859,57822400
11/11/2016,58.23,59.119999,58.009998,59.02,55.921055,38767800
11/14/2016,59.02,59.080002,57.279999,58.119999,55.068306,40861900
11/15/2016,58.330002,59.490002,58.32,58.869999,56.15575,35904100
11/16/2016,58.939999,59.66,58.810001,59.650002,56.899788,26851400
11/17/2016,60.41,60.950001,59.970001,60.639999,57.844143,32132700
11/18/2016,60.779999,61.139999,60.299999,60.349998,57.567513,27686300
11/21/2016,60.5,60.970001,60.419998,60.860001,58.053997,19652600
11/22/2016,60.98,61.259998,60.810001,61.119999,58.302006,23206700
11/23/2016,61.009998,61.099998,60.25,60.400002,57.615211,21847200
11/25/2016,60.299999,60.529999,60.130001,60.529999,57.739204,8409600
11/28/2016,60.34,61.02,60.209999,60.610001,57.815521,20732600
11/29/2016,60.650002,61.41,60.52,61.09,58.273388,22366700
11/30/2016,60.860001,61.18,60.220001,60.259998,57.481655,34655400
12/1/2016,60.110001,60.150002,58.939999,59.200001,56.470524,34542100
12/2/2016,59.080002,59.470001,58.799999,59.25,56.518223,25515700
12/5/2016,59.700001,60.59,59.560001,60.220001,57.443508,23552700
12/6/2016,60.43,60.459999,59.799999,59.950001,57.185951,19907000
12/7/2016,60.009998,61.380001,59.799999,61.369999,58.540485,30809000
12/8/2016,61.299999,61.580002,60.84,61.009998,58.197079,21220800
12/9/2016,61.18,61.990002,61.130001,61.970001,59.112816,27349400
12/12/2016,61.82,62.299999,61.720001,62.169998,59.303596,20198100
12/13/2016,62.5,63.419998,62.240002,62.98,60.076248,35718900
12/14/2016,63,63.450001,62.529999,62.68,59.790081,30352700
12/15/2016,62.700001,63.150002,62.299999,62.580002,59.694695,27669900
12/16/2016,62.950001,62.950001,62.119999,62.299999,59.427597,42204700
12/19/2016,62.560001,63.77,62.419998,63.619999,60.686745,34338200
12/20/2016,63.689999,63.799999,63.029999,63.540001,60.610432,26028400
12/21/2016,63.43,63.700001,63.119999,63.540001,60.610432,17096300
12/22/2016,63.84,64.099998,63.41,63.549999,60.619972,22176600
12/23/2016,63.450001,63.540001,62.799999,63.240002,60.324265,12398000
12/27/2016,63.209999,64.07,63.209999,63.279999,60.362419,11763200
12/28/2016,63.400002,63.400002,62.830002,62.990002,60.085785,14653300
12/29/2016,62.860001,63.200001,62.73,62.900002,59.999939,10181600
12/30/2016,62.959999,62.990002,62.029999,62.139999,59.274975,25579900
1/3/2017,62.790001,62.84,62.130001,62.580002,59.694695,20694100
1/4/2017,62.48,62.75,62.119999,62.299999,59.427597,21340000
1/5/2017,62.189999,62.66,62.029999,62.299999,59.427597,24876000
1/6/2017,62.299999,63.150002,62.040001,62.84,59.942703,19922900
1/9/2017,62.759998,63.080002,62.540001,62.639999,59.751923,20256600
1/10/2017,62.73,63.07,62.279999,62.619999,59.732849,18593000
1/11/2017,62.610001,63.23,62.43,63.189999,60.276566,21517300
1/12/2017,63.060001,63.400002,61.950001,62.610001,59.723312,20968200
1/13/2017,62.619999,62.869999,62.349998,62.700001,59.809166,19422300
1/17/2017,62.68,62.700001,62.029999,62.529999,59.646996,20620400
1/18/2017,62.669998,62.700001,62.119999,62.5,59.618385,19670100
1/19/2017,62.240002,62.98,62.200001,62.299999,59.427597,18451700
1/20/2017,62.669998,62.82,62.369999,62.740002,59.847321,30213500
1/23/2017,62.700001,63.119999,62.57,62.959999,60.057171,23097600
1/24/2017,63.200001,63.740002,62.939999,63.52,60.591358,24672900
1/25/2017,63.950001,64.099998,63.450001,63.68,60.74398,23672700
1/26/2017,64.120003,64.540001,63.549999,64.269997,61.306767,43554600
1/27/2017,65.389999,65.910004,64.889999,65.779999,62.747162,44818000
1/30/2017,65.690002,65.790001,64.800003,65.129997,62.127117,31651400
1/31/2017,64.860001,65.150002,64.260002,64.650002,61.669258,25270500
2/1/2017,64.360001,64.620003,63.470001,63.580002,60.64859,39671500
2/2/2017,63.25,63.41,62.75,63.169998,60.257488,45827000
2/3/2017,63.5,63.700001,63.07,63.68,60.74398,30301800
2/6/2017,63.5,63.650002,63.139999,63.639999,60.705826,19796400
2/7/2017,63.740002,63.779999,63.23,63.43,60.505505,20277200
2/8/2017,63.57,63.810001,63.220001,63.34,60.419655,18096400
2/9/2017,63.52,64.440002,63.32,64.059998,61.106457,22644400
2/10/2017,64.25,64.300003,63.98,64,61.049225,18170700
2/13/2017,64.239998,64.860001,64.129997,64.720001,61.736034,22920100
2/14/2017,64.410004,64.720001,64.019997,64.57,61.966351,23065900
2/15/2017,64.5,64.57,64.160004,64.529999,61.927963,17005200
2/16/2017,64.739998,65.239998,64.440002,64.519997,61.918365,20546300
2/17/2017,64.470001,64.690002,64.300003,64.620003,62.014332,21248800
2/21/2017,64.610001,64.949997,64.449997,64.489998,61.889576,20655900
2/22/2017,64.330002,64.389999,64.050003,64.360001,61.76482,19292700
2/23/2017,64.419998,64.730003,64.190002,64.620003,62.014332,20273100
2/24/2017,64.529999,64.800003,64.139999,64.620003,62.014332,21796800
2/27/2017,64.540001,64.540001,64.050003,64.230003,61.640064,15871500
2/28/2017,64.080002,64.199997,63.759998,63.98,61.400143,23239800
3/1/2017,64.129997,64.989998,64.019997,64.940002,62.321438,26937500
3/2/2017,64.690002,64.75,63.880001,64.010002,61.428928,24539600
3/3/2017,63.990002,64.279999,63.619999,64.25,61.659248,18135900
3/6/2017,63.970001,64.559998,63.810001,64.269997,61.678444,18750300
3/7/2017,64.190002,64.779999,64.190002,64.400002,61.803211,18521000
3/8/2017,64.260002,65.080002,64.25,64.989998,62.369411,21510900
3/9/2017,65.190002,65.199997,64.480003,64.730003,62.119892,19846800
3/10/2017,65.110001,65.260002,64.75,64.93,62.311829,19538200
3/13/2017,65.010002,65.190002,64.57,64.709999,62.100704,20100000
3/14/2017,64.529999,64.550003,64.150002,64.410004,61.812801,14280200
3/15/2017,64.550003,64.919998,64.25,64.75,62.139091,24833800
3/16/2017,64.75,64.760002,64.300003,64.639999,62.033531,20674300
3/17/2017,64.910004,65.239998,64.68,64.870003,62.254253,49219700
3/20/2017,64.910004,65.18,64.720001,64.93,62.311829,14598100
3/21/2017,65.190002,65.5,64.129997,64.209999,61.620869,26640500
3/22/2017,64.120003,65.139999,64.120003,65.029999,62.407799,20680000
3/23/2017,64.940002,65.239998,64.769997,64.870003,62.254253,19269200
3/24/2017,65.360001,65.449997,64.760002,64.980003,62.359821,22617100
3/27/2017,64.629997,65.220001,64.349998,65.099998,62.474976,18614700
3/28/2017,64.959999,65.470001,64.650002,65.290001,62.657314,20080400
3/29/2017,65.120003,65.5,64.949997,65.470001,62.830051,13618400
3/30/2017,65.419998,65.980003,65.360001,65.709999,63.06039,15122800
3/31/2017,65.650002,66.190002,65.449997,65.860001,63.204323,21040300
4/3/2017,65.809998,65.940002,65.190002,65.550003,62.906837,20400900
4/4/2017,65.389999,65.809998,65.279999,65.730003,63.079582,12997400
4/5/2017,66.300003,66.349998,65.440002,65.559998,62.916428,21448600
4/6/2017,65.599998,66.059998,65.480003,65.730003,63.079582,18103500
4/7/2017,65.849998,65.959999,65.440002,65.68,63.031605,14108500
4/10/2017,65.610001,65.82,65.360001,65.529999,62.887638,17952700
4/11/2017,65.599998,65.610001,64.849998,65.480003,62.839657,18791500
4/12/2017,65.419998,65.510002,65.110001,65.230003,62.599735,17108500
4/13/2017,65.290001,65.860001,64.949997,64.949997,62.33102,17896500
4/17/2017,65.040001,65.489998,65.010002,65.480003,62.839657,16689300
4/18/2017,65.330002,65.709999,65.160004,65.389999,62.753292,15155600
4/19/2017,65.650002,65.75,64.889999,65.040001,62.417404,26992800
4/20/2017,65.459999,65.75,65.139999,65.5,62.858852,22299500
4/21/2017,65.669998,66.699997,65.449997,66.400002,63.722557,32522600
4/24/2017,67.480003,67.660004,67.099998,67.529999,64.806992,29770000
4/25/2017,67.900002,68.040001,67.599998,67.919998,65.181267,30242700
4/26/2017,68.080002,68.309998,67.620003,67.830002,65.094894,26190800
4/27/2017,68.150002,68.379997,67.580002,68.269997,65.517151,34971000
4/28/2017,68.910004,69.139999,67.690002,68.459999,65.699493,39423500
5/1/2017,68.68,69.550003,68.5,69.410004,66.611198,31954400
5/2/2017,69.709999,69.709999,69.129997,69.300003,66.505623,23906100
5/3/2017,69.379997,69.379997,68.709999,69.080002,66.294502,28928000
5/4/2017,69.029999,69.080002,68.639999,68.809998,66.035378,21749400
5/5/2017,68.900002,69.029999,68.489998,69,66.217712,19128800
5/8/2017,68.970001,69.050003,68.419998,68.940002,66.160141,18566100
5/9/2017,68.860001,69.279999,68.68,69.040001,66.256119,22858400
5/10/2017,68.989998,69.559998,68.919998,69.309998,66.515221,17977800
5/11/2017,68.360001,68.730003,68.120003,68.459999,65.699493,28789400
5/12/2017,68.610001,68.610001,68.040001,68.379997,65.622711,18714100
5/15/2017,68.139999,68.480003,67.57,68.43,65.6707,31530300
5/16/2017,68.230003,69.440002,68.160004,69.410004,66.993004,34956000
5/17/2017,68.889999,69.099998,67.43,67.480003,65.130203,30548800
5/18/2017,67.400002,68.129997,67.139999,67.709999,65.352188,25201300
5/19/2017,67.5,68.099998,67.43,67.690002,65.332901,26961100
5/22/2017,67.889999,68.5,67.5,68.449997,66.066414,16237600
5/23/2017,68.720001,68.75,68.379997,68.68,66.288422,15425800
5/24/2017,68.870003,68.879997,68.449997,68.769997,66.375275,14593900
5/25/2017,68.970001,69.879997,68.910004,69.620003,67.195694,21854100
5/26/2017,69.800003,70.220001,69.519997,69.959999,67.523842,19827900
5/30/2017,69.790001,70.410004,69.769997,70.410004,67.958176,17072800
5/31/2017,70.529999,70.739998,69.809998,69.839996,67.408028,30436400
6/1/2017,70.239998,70.610001,69.449997,70.099998,67.658966,21603600
6/2/2017,70.440002,71.860001,70.239998,71.760002,69.261177,34770300
6/5/2017,71.970001,72.889999,71.809998,72.279999,69.763054,33316800
6/6/2017,72.300003,72.620003,72.269997,72.519997,69.99469,31511100
6/7/2017,72.639999,72.769997,71.949997,72.389999,69.86924,22301800
6/8/2017,72.510002,72.519997,71.5,71.949997,69.44455,24456300
6/9/2017,72.040001,72.080002,68.589996,70.32,67.8713,49187400
6/12/2017,69.25,69.940002,68.129997,69.779999,67.350113,47761700
6/13/2017,70.019997,70.82,69.959999,70.650002,68.189819,25258600
6/14/2017,70.910004,71.099998,69.43,70.269997,67.823059,25510700
6/15/2017,69.269997,70.209999,68.800003,69.900002,67.465942,26068700
6/16/2017,69.730003,70.029999,69.220001,70,67.562454,48345100
6/19/2017,70.5,70.940002,70.349998,70.870003,68.402161,23798300
6/20/2017,70.82,70.870003,69.870003,69.910004,67.475586,21512200
6/21/2017,70.209999,70.620003,69.940002,70.269997,67.823059,19891100
6/22/2017,70.540001,70.589996,69.709999,70.260002,67.8134,22965700
6/23/2017,70.089996,71.25,69.919998,71.209999,68.730309,27617300
6/26/2017,71.400002,71.709999,70.440002,70.529999,68.074005,19607000
6/27/2017,70.110001,70.18,69.18,69.209999,66.799965,25215100
6/28/2017,69.209999,69.839996,68.790001,69.800003,67.369431,25806200
6/29/2017,69.379997,69.489998,68.089996,68.489998,66.105034,28918700
6/30/2017,68.779999,69.379997,68.739998,68.93,66.529709,24161100
7/3/2017,69.330002,69.599998,68.019997,68.169998,65.796173,16165500
7/5/2017,68.260002,69.440002,68.220001,69.080002,66.6745,21176300
7/6/2017,68.269997,68.779999,68.120003,68.57,66.182251,21117600
7/7/2017,68.699997,69.839996,68.699997,69.459999,67.041252,16878300
7/10/2017,69.459999,70.25,69.199997,69.980003,67.543159,15014500
7/11/2017,70,70.68,69.75,69.989998,67.552803,17460000
7/12/2017,70.690002,71.279999,70.550003,71.150002,68.672417,17750900
7/13/2017,71.5,72.040001,71.309998,71.769997,69.270805,20269800
7/14/2017,72.239998,73.269997,71.959999,72.779999,70.245644,25868100
7/17/2017,72.800003,73.449997,72.720001,73.349998,70.795792,21803900
7/18/2017,73.089996,73.389999,72.660004,73.300003,70.747543,26435300
7/19/2017,73.5,74.040001,73.449997,73.860001,71.288033,22416200
7/20/2017,74.18,74.300003,73.279999,74.220001,71.635506,42361000
7/21/2017,73.449997,74.290001,73.169998,73.790001,71.220474,46717100
7/24/2017,73.529999,73.75,73.129997,73.599998,71.037094,21394800
7/25/2017,73.800003,74.309998,73.5,74.190002,71.606544,22018700
7/26/2017,74.339996,74.379997,73.809998,74.050003,71.47142,16252200
7/27/2017,73.760002,74.419998,72.32,73.160004,70.612427,36844200
7/28/2017,72.669998,73.309998,72.540001,73.040001,70.49659,18306700
7/31/2017,73.300003,73.440002,72.410004,72.699997,70.168427,23600100
8/1/2017,73.099998,73.419998,72.489998,72.580002,70.052635,22132300
8/2/2017,72.550003,72.559998,71.440002,72.260002,69.743767,26499200
8/3/2017,72.190002,72.440002,71.849998,72.150002,69.637596,18214400
8/4/2017,72.400002,73.040001,72.239998,72.68,70.149124,22579000
8/7/2017,72.800003,72.900002,72.260002,72.400002,69.878883,18705700
8/8/2017,72.089996,73.129997,71.75,72.790001,70.25531,22044600
8/9/2017,72.25,72.510002,72.050003,72.470001,69.946449,22213400
8/10/2017,71.900002,72.190002,71.349998,71.410004,68.923355,24734500
8/11/2017,71.610001,72.699997,71.279999,72.5,69.975395,21443700
8/14/2017,73.059998,73.720001,72.949997,73.589996,71.027443,20067300
8/15/2017,73.589996,73.589996,73.040001,73.220001,71.046837,19181400
8/16/2017,73.339996,74.099998,73.169998,73.650002,71.464088,18150400
8/17/2017,73.580002,73.870003,72.400002,72.400002,70.251198,22977500
8/18/2017,72.269997,72.839996,71.93,72.489998,70.338516,18761500
8/21/2017,72.470001,72.480003,71.699997,72.150002,70.008606,17734800
8/22/2017,72.349998,73.239998,72.349998,73.160004,70.988632,14343700
8/23/2017,72.959999,73.150002,72.529999,72.720001,70.561684,13766500
8/24/2017,72.739998,72.860001,72.07,72.690002,70.532578,17098300
8/25/2017,72.860001,73.349998,72.480003,72.82,70.658714,12794300
8/28/2017,73.059998,73.089996,72.550003,72.830002,70.668419,14569700
8/29/2017,72.25,73.160004,72.050003,73.050003,70.881897,11478400
8/30/2017,73.010002,74.209999,72.830002,74.010002,71.813408,16897800
8/31/2017,74.029999,74.959999,73.800003,74.769997,72.550842,27652800
9/1/2017,74.709999,74.739998,73.639999,73.940002,71.745491,21736200
9/5/2017,73.339996,73.889999,72.980003,73.610001,71.42527,21556000
9/6/2017,73.739998,74.040001,73.349998,73.400002,71.221512,16535800
9/7/2017,73.68,74.599998,73.599998,74.339996,72.133614,17471200
9/8/2017,74.330002,74.440002,73.839996,73.980003,71.784294,14703800
9/11/2017,74.309998,74.940002,74.309998,74.760002,72.541138,17910400
9/12/2017,74.760002,75.239998,74.370003,74.68,72.463516,14394900
9/13/2017,74.93,75.230003,74.550003,75.209999,72.977783,13380800
9/14/2017,75,75.489998,74.519997,74.769997,72.550842,15733900
9/15/2017,74.830002,75.389999,74.07,75.309998,73.074821,38578400
9/18/2017,75.230003,75.970001,75.040001,75.160004,72.929276,23307000
9/19/2017,75.209999,75.709999,75.010002,75.440002,73.200966,16093300
9/20/2017,75.349998,75.550003,74.309998,74.940002,72.715805,21587900
9/21/2017,75.110001,75.239998,74.110001,74.209999,72.007454,19186100
9/22/2017,73.989998,74.510002,73.849998,74.410004,72.20153,14111400
9/25/2017,74.089996,74.25,72.919998,73.260002,71.085655,24149200
9/26/2017,73.669998,73.809998,72.989998,73.260002,71.085655,18019600
9/27/2017,73.550003,74.169998,73.169998,73.849998,71.658157,19565100
9/28/2017,73.540001,73.970001,73.309998,73.870003,71.677559,10883800
9/29/2017,73.940002,74.540001,73.879997,74.489998,72.279167,17079100
10/2/2017,74.709999,75.010002,74.300003,74.610001,72.395599,15304800
10/3/2017,74.669998,74.879997,74.190002,74.260002,72.055992,12190400
10/4/2017,74.089996,74.720001,73.709999,74.690002,72.473213,13317700
10/5/2017,75.220001,76.120003,74.959999,75.970001,73.71524,21195300
10/6/2017,75.669998,76.029999,75.540001,76,73.744347,13959800
10/9/2017,75.970001,76.550003,75.860001,76.290001,74.025734,11386500
10/10/2017,76.330002,76.629997,76.139999,76.290001,74.025734,13944500
10/11/2017,76.360001,76.459999,75.949997,76.419998,74.151871,15388900
10/12/2017,76.489998,77.290001,76.370003,77.120003,74.8311,16876500
10/13/2017,77.589996,77.870003,77.290001,77.489998,75.190117,15335700
10/16/2017,77.419998,77.809998,77.349998,77.650002,75.345367,12380100
10/17/2017,77.470001,77.620003,77.25,77.589996,75.28714,16824000
10/18/2017,77.669998,77.849998,77.370003,77.610001,75.306557,13300700
10/19/2017,77.57,77.93,77.349998,77.910004,75.597664,15092800
10/20/2017,78.32,78.970001,78.220001,78.809998,76.47094,22866400
10/23/2017,78.989998,79.339996,78.760002,78.830002,76.490349,20627200
10/24/2017,78.900002,79.199997,78.459999,78.860001,76.519455,17517200
10/25/2017,78.580002,79.099998,78.010002,78.629997,76.296272,20410800
10/26/2017,79.199997,79.419998,78.75,78.760002,76.422424,32120700
10/27/2017,84.370003,86.199997,83.610001,83.809998,81.322548,71066700
10/30/2017,83.699997,84.330002,83.110001,83.889999,81.400154,31756700
10/31/2017,84.360001,84.360001,83.110001,83.18,80.71125,27086600
11/1/2017,83.68,83.760002,82.879997,83.18,80.71125,22307400
11/2/2017,83.349998,84.459999,83.120003,84.050003,81.55542,23992900
11/3/2017,84.080002,84.540001,83.400002,84.139999,81.642746,17633500
11/6/2017,84.199997,84.699997,84.080002,84.470001,81.962952,19164300
11/7/2017,84.769997,84.900002,83.93,84.269997,81.768883,17939700
11/8/2017,84.139999,84.610001,83.830002,84.559998,82.050278,18034200
11/9/2017,84.110001,84.269997,82.900002,84.089996,81.594223,21178400
11/10/2017,83.790001,84.099998,83.230003,83.870003,81.380768,19397800
11/13/2017,83.660004,83.940002,83.459999,83.93,81.438972,14196900
11/14/2017,83.5,84.099998,82.980003,84.050003,81.55542,18801300
11/15/2017,83.470001,83.690002,82.690002,82.980003,80.921539,19383100
11/16/2017,83.099998,83.419998,82.940002,83.199997,81.136078,20962800
11/17/2017,83.120003,83.120003,82.239998,82.400002,80.355934,22079000
11/20/2017,82.400002,82.589996,82.25,82.529999,80.482697,16315000
11/21/2017,82.739998,83.839996,82.739998,83.720001,81.643181,21237500
11/22/2017,83.830002,83.900002,83.040001,83.110001,81.048325,20553100
11/24/2017,83.010002,83.43,82.779999,83.260002,81.194595,7425600
11/27/2017,83.309998,83.980003,83.300003,83.870003,81.789467,18265200
11/28/2017,84.07,85.059998,84.019997,84.879997,82.774406,21926000
11/29/2017,84.709999,84.919998,83.18,83.339996,81.272614,27381100
11/30/2017,83.510002,84.519997,83.339996,84.169998,82.082024,33054600
12/1/2017,83.599998,84.809998,83.220001,84.260002,82.169785,29532100
12/4/2017,84.419998,84.43,80.699997,81.080002,79.068665,39094900
12/5/2017,81.339996,82.68,80.980003,81.589996,79.56601,26152300
12/6/2017,81.550003,83.139999,81.43,82.779999,80.726494,26162100
12/7/2017,82.540001,82.800003,82,82.489998,80.443687,23184500
12/8/2017,83.629997,84.580002,83.330002,84.160004,82.072273,24489100
12/11/2017,84.290001,85.370003,84.120003,85.230003,83.11573,22857900
12/12/2017,85.309998,86.050003,85.080002,85.580002,83.457039,23924100
12/13/2017,85.739998,86,85.169998,85.349998,83.23275,22062700
12/14/2017,85.43,85.870003,84.529999,84.690002,82.589127,19306000
12/15/2017,85.260002,87.089996,84.879997,86.849998,84.695534,53936700
12/18/2017,87.120003,87.5,86.230003,86.379997,84.23719,22283800
12/19/2017,86.349998,86.349998,85.269997,85.830002,83.700844,23524800
12/20/2017,86.199997,86.300003,84.709999,85.519997,83.398521,23674900
12/21/2017,86.050003,86.099998,85.400002,85.5,83.379021,17990700
12/22/2017,85.400002,85.629997,84.919998,85.510002,83.388779,14145800
12/26/2017,85.309998,85.529999,85.029999,85.400002,83.281502,9891200
12/27/2017,85.650002,85.980003,85.220001,85.709999,83.583817,14678000
12/28/2017,85.900002,85.93,85.550003,85.720001,83.593575,10594300
12/29/2017,85.629997,86.050003,85.5,85.540001,83.41803,18717400
1/2/2018,86.129997,86.309998,85.5,85.949997,83.817863,22483800
1/3/2018,86.059998,86.510002,85.970001,86.349998,84.207939,26061400
1/4/2018,86.589996,87.660004,86.57,87.110001,84.949089,21912000
1/5/2018,87.660004,88.410004,87.43,88.190002,86.002296,23407100
1/8/2018,88.199997,88.580002,87.599998,88.279999,86.090065,22113000
1/9/2018,88.650002,88.730003,87.860001,88.220001,86.031555,19484300
1/10/2018,87.860001,88.190002,87.410004,87.82,85.641472,18652200
1/11/2018,88.129997,88.129997,87.239998,88.080002,85.89502,17808900
1/12/2018,88.669998,89.779999,88.449997,89.599998,87.377327,24271500
1/16/2018,90.099998,90.790001,88.010002,88.349998,86.158333,36599700
1/17/2018,89.080002,90.279999,88.75,90.139999,87.903931,25602600
1/18/2018,89.800003,90.669998,89.660004,90.099998,87.864922,24159700
1/19/2018,90.139999,90.610001,89.660004,90,87.767395,36875000
1/22/2018,90,91.620003,89.739998,91.610001,89.337456,23601600
1/23/2018,91.900002,92.300003,91.540001,91.900002,89.620255,23412800
1/24/2018,92.550003,93.43,91.580002,91.82,89.542252,33277500
1/25/2018,92.470001,93.239998,91.93,92.330002,90.039604,26383200
1/26/2018,93.120003,94.059998,92.580002,94.059998,91.726685,29172200
1/29/2018,95.139999,95.449997,93.720001,93.919998,91.590157,31569900
1/30/2018,93.300003,93.660004,92.099998,92.739998,90.439423,38635100
1/31/2018,93.75,95.400002,93.510002,95.010002,92.653114,48756300
2/1/2018,94.790001,96.07,93.580002,94.260002,91.921715,47227900
2/2/2018,93.639999,93.970001,91.5,91.779999,89.503235,47867800
2/5/2018,90.559998,93.239998,88,88,85.817009,51031500
2/6/2018,86.889999,91.480003,85.25,91.330002,89.064407,67998600
2/7/2018,90.489998,91.769997,89.199997,89.610001,87.387077,41107600
2/8/2018,89.709999,89.879997,84.760002,85.010002,82.901184,55628700
2/9/2018,86.300003,88.93,83.830002,88.18,85.992554,63499100
2/12/2018,88.739998,89.779999,87.93,89.129997,86.918976,35720300
2/13/2018,88.93,90,87.800003,89.830002,87.601608,26407700
2/14/2018,88.510002,90.989998,88.410004,90.809998,88.973297,34960900
2/15/2018,91.209999,92.720001,90.620003,92.660004,90.785896,27823900
2/16/2018,92.449997,93.5,91.800003,92,90.139229,30596900
2/20/2018,91.480003,93.059998,91.010002,92.720001,90.844673,30911700
2/21/2018,92.980003,93.360001,91.489998,91.489998,89.639549,26922500
2/22/2018,92.050003,92.730003,91.360001,91.730003,89.874702,24392800
2/23/2018,93.599998,94.07,92.360001,94.059998,92.15757,26329200
2/26/2018,94.400002,95.449997,94.25,95.419998,93.490051,30199800
2/27/2018,95.739998,95.839996,94.199997,94.199997,92.294731,25869100
2/28/2018,94.839996,95.709999,93.629997,93.769997,91.873436,31167300
3/1/2018,93.989998,94.57,91.839996,92.849998,90.972031,37135600
3/2/2018,91.580002,93.150002,90.860001,93.050003,91.167999,32830400
3/5/2018,92.339996,94.269997,92.260002,93.639999,91.746063,23901600
3/6/2018,94.339996,94.489998,92.940002,93.32,91.432533,22175800
3/7/2018,93.160004,93.940002,92.43,93.860001,91.961617,26716100
3/8/2018,94.269997,95.099998,93.769997,94.43,92.520081,25887800
3/9/2018,95.290001,96.540001,95,96.540001,94.58741,36937300
3/12/2018,96.5,97.209999,96.040001,96.769997,94.812752,26073700
3/13/2018,97,97.239998,93.970001,94.410004,92.500496,35387800
3/14/2018,95.120003,95.410004,93.5,93.849998,91.951813,32132000
3/15/2018,93.529999,94.580002,92.830002,94.18,92.275146,27611000
3/16/2018,94.68,95.379997,93.919998,94.599998,92.686646,49081300
3/19/2018,93.739998,93.900002,92.110001,92.889999,91.011223,33344100
3/20/2018,93.050003,93.769997,93,93.129997,91.246376,23075200
3/21/2018,92.93,94.050003,92.209999,92.480003,90.60952,24457100
3/22/2018,91.269997,91.75,89.660004,89.790001,87.97393,38604700
3/23/2018,89.5,90.459999,87.080002,87.18,85.416718,44068900
3/26/2018,90.610001,94,90.400002,93.779999,91.883224,56396800
3/27/2018,94.940002,95.139999,88.510002,89.470001,87.660408,56569000
3/28/2018,89.82,91.230003,88.870003,89.389999,87.582016,52501100
3/29/2018,90.18,92.290001,88.400002,91.269997,89.423996,45867500
4/2/2018,90.470001,90.879997,87.510002,88.519997,86.729614,48515400
4/3/2018,89.580002,90.050003,87.889999,89.709999,87.895538,37213800
4/4/2018,87.849998,92.760002,87.730003,92.330002,90.462547,35560000
4/5/2018,92.440002,93.07,91.400002,92.379997,90.511543,29771900
4/6/2018,91.489998,92.459999,89.480003,90.230003,88.405037,38026000
4/9/2018,91.040001,93.169998,90.620003,90.769997,88.934113,31533900
4/10/2018,92.389999,93.279999,91.639999,92.879997,91.001427,26812000
4/11/2018,92.010002,93.290001,91.480003,91.860001,90.00206,24872100
4/12/2018,92.43,94.160004,92.43,93.580002,91.687271,26758900
4/13/2018,94.050003,94.18,92.440002,93.080002,91.197388,23346100
4/16/2018,94.07,94.660004,93.419998,94.169998,92.265335,20288100
4/17/2018,95,96.540001,94.879997,96.07,94.126915,26771000
4/18/2018,96.220001,96.720001,95.519997,96.440002,94.489433,21043300
4/19/2018,96.440002,97.07,95.339996,96.110001,94.166092,23552500
4/20/2018,95.910004,96.110001,94.050003,95,93.078545,31154400
4/23/2018,95.739998,96.290001,94.629997,95.349998,93.421471,22331800
4/24/2018,96.239998,96.470001,92.410004,93.120003,91.236572,34524800
4/25/2018,93.300003,93.300003,90.279999,92.309998,90.442955,33729300
4/26/2018,93.550003,95.150002,93.099998,94.260002,92.353531,42529000
4/27/2018,97.599998,97.900002,93.910004,95.82,93.881966,48272800
4/30/2018,96.330002,96.400002,93.150002,93.519997,91.628487,41523600
5/1/2018,93.209999,95.290001,92.790001,95,93.078545,31408900
5/2/2018,94.989998,95.169998,93.190002,93.510002,91.61869,27471000
5/3/2018,92.959999,94.93,92.449997,94.07,92.167358,31142500
5/4/2018,93.32,95.370003,92.919998,95.160004,93.235313,22531300
5/7/2018,95.169998,96.709999,95.099998,96.220001,94.27388,24242000
5/8/2018,95.849998,96.160004,95.059998,95.809998,93.872169,23484600
5/9/2018,96.010002,96.970001,95.050003,96.940002,94.979324,27327400
5/10/2018,97.459999,97.949997,97.050003,97.910004,95.92971,22388100
5/11/2018,97.800003,97.870003,97.040001,97.699997,95.723946,16778300
5/14/2018,97.919998,98.690002,97.309998,98.029999,96.047272,19454100
5/15/2018,97.239998,97.849998,96.339996,97.32,95.351631,24594000
5/16/2018,97.360001,97.400002,96.620003,97.150002,95.597633,17384700
5/17/2018,96.760002,97.540001,95.830002,96.18,94.643135,17246700
5/18/2018,96.010002,96.93,96.010002,96.360001,94.820259,17865800
5/21/2018,97,98.010002,96.800003,97.599998,96.040443,19422500
5/22/2018,97.68,98.169998,97.199997,97.5,95.942047,15441200
5/23/2018,96.709999,98.730003,96.32,98.660004,97.083504,21114800
5/24/2018,98.730003,98.940002,96.809998,98.309998,96.739098,26649300
5/25/2018,98.300003,98.980003,97.860001,98.360001,96.7883,18363900
5/29/2018,97.839996,98.879997,97.230003,98.010002,96.443893,28671000
5/30/2018,98.309998,99.25,97.910004,98.949997,97.368874,22158500
5/31/2018,99.290001,99.989998,98.610001,98.839996,97.260628,34140900
6/1/2018,99.279999,100.860001,99.169998,100.790001,99.179474,28655600
6/4/2018,101.260002,101.860001,100.849998,101.669998,100.04541,27281600
6/5/2018,102,102.330002,101.529999,102.190002,100.557114,23514400
6/6/2018,102.480003,102.599998,101.900002,102.489998,100.852303,21122900
6/7/2018,102.650002,102.690002,100.379997,100.879997,99.268028,28232200
6/8/2018,101.089996,101.949997,100.540001,101.629997,100.006042,22165100
6/11/2018,101.010002,101.589996,100.669998,101.050003,99.435326,23490900
6/12/2018,101.099998,101.449997,100.75,101.309998,99.691162,18325200
6/13/2018,101.720001,102.010002,100.559998,100.849998,99.23851,29492900
6/14/2018,101.650002,102.029999,101,101.419998,99.7994,25691800
6/15/2018,101.510002,101.529999,100.07,100.129997,98.530022,65738600
6/18/2018,100.010002,101.110001,99.419998,100.860001,99.24836,23586000
6/19/2018,99.650002,101,99.5,100.860001,99.24836,28653100
6/20/2018,101.370003,102.519997,101.120003,101.870003,100.242218,26180800
6/21/2018,102.080002,102.459999,100.879997,101.139999,99.523872,23198200
6/22/2018,100.410004,100.769997,99.629997,100.410004,98.80555,38923100
6/25/2018,100,100.110001,97.300003,98.389999,96.817825,35433300
6/26/2018,98.82,100.080002,98.75,99.080002,97.496796,26897200
6/27/2018,99.580002,100.019997,97.400002,97.540001,95.981407,31298400
6/28/2018,97.379997,99.110001,97.260002,98.629997,97.053986,26650700
6/29/2018,98.93,99.910004,98.330002,98.610001,97.034309,28053200
7/2/2018,98.099998,100.059998,98,100.010002,98.411942,19564500
7/3/2018,100.480003,100.629997,98.940002,99.050003,97.467278,14670300
7/5/2018,99.5,99.919998,99.029999,99.760002,98.165932,18977400
7/6/2018,99.889999,101.43,99.669998,101.160004,99.543556,19234600
7/9/2018,101.650002,102.25,101.25,101.849998,100.222542,18212000
7/10/2018,102,102.510002,101.860001,102.120003,100.48822,19293100
7/11/2018,101.150002,102.339996,101.099998,101.980003,100.350464,19644600
7/12/2018,102.769997,104.410004,102.730003,104.190002,102.525146,24335900
7/13/2018,104.370003,105.599998,104.089996,105.43,103.745331,24635200
7/16/2018,105.400002,105.82,104.519997,104.910004,103.233643,21786900
7/17/2018,104.610001,106.5,104.32,105.949997,104.257019,25901700
7/18/2018,105.940002,106.050003,104.720001,105.120003,103.440285,29493900
7/19/2018,104.93,105.309998,103.889999,104.400002,102.731789,40171600
7/20/2018,108.080002,108.199997,106.080002,106.269997,104.571907,56004000
7/23/2018,106.300003,108.139999,106.129997,107.970001,106.244736,29707000
7/24/2018,108.57,108.82,107.260002,107.660004,105.939697,26316600
7/25/2018,107.959999,111.150002,107.599998,110.830002,109.059044,30702100
7/26/2018,110.739998,111,109.5,109.620003,107.868378,31372100
7/27/2018,110.18,110.18,106.139999,107.68,105.959373,37005300
7/30/2018,107.190002,107.529999,104.760002,105.370003,103.686295,34668300
7/31/2018,106.489998,106.720001,105.379997,106.080002,104.384949,27655200
8/1/2018,106.029999,106.449997,105.419998,106.279999,104.581749,23628700
8/2/2018,105.400002,108.089996,104.839996,107.57,105.851128,26104300
8/3/2018,107.800003,108.050003,106.82,108.040001,106.313622,18659600
8/6/2018,108.120003,108.419998,107.559998,108.129997,106.402191,20265900
8/7/2018,108.559998,109.099998,108.169998,108.879997,107.140198,16080200
8/8/2018,109.330002,109.75,108.760002,109.489998,107.740456,15487500
8/9/2018,109.709999,110.160004,109.599998,109.669998,107.91758,13660400
8/10/2018,109.419998,109.690002,108.379997,109,107.258286,18183700
8/13/2018,109.239998,109.580002,108.099998,108.209999,106.480911,18472500
8/14/2018,108.559998,109.75,108.040001,109.559998,107.809334,16788300
8/15/2018,108.489998,108.989998,106.82,107.660004,106.347382,29982800
8/16/2018,108.300003,108.860001,107.300003,107.639999,106.327629,21384300
8/17/2018,107.360001,107.900002,106.690002,107.580002,106.268364,18061500
8/20/2018,107.510002,107.900002,106.480003,106.870003,105.567017,17914200
8/21/2018,106.919998,107.349998,105.849998,105.980003,104.687874,22881900
8/22/2018,105.849998,107.339996,105.779999,107.059998,105.754692,18000600
8/23/2018,107.150002,108.18,106.870003,107.559998,106.248596,18167700
8/24/2018,107.669998,108.559998,107.559998,108.400002,107.078369,17234000
8/27/2018,109.269997,109.639999,108.510002,109.599998,108.263733,19662300
8/28/2018,109.940002,110.5,109.790001,110.260002,108.91568,19151500
8/29/2018,110.449997,112.029999,110.269997,112.019997,110.654228,20818000
8/30/2018,111.669998,112.610001,111.440002,111.949997,110.585075,22798700
8/31/2018,111.690002,112.779999,111.519997,112.330002,110.960449,23222700
9/4/2018,110.849998,111.959999,110.220001,111.709999,110.348,22634600
9/5/2018,111.010002,111.419998,108.099998,108.489998,107.167267,32872400
9/6/2018,108.25,108.989998,107.510002,108.739998,107.414215,23477600
9/7/2018,108.230003,108.720001,107.230003,108.209999,106.890678,22498600
9/10/2018,108.839996,109.639999,108.360001,109.379997,108.04641,20727900
9/11/2018,108.900002,111.589996,108.889999,111.239998,109.883736,24301800
9/12/2018,111.43,111.849998,110.510002,111.709999,110.348,18891100
9/13/2018,112.120003,113.730003,112.120003,112.910004,111.533379,26055600
9/14/2018,113.360001,113.730003,112.440002,113.370003,111.987762,19122300
9/17/2018,113.690002,113.699997,111.860001,112.139999,110.772758,20736500
9/18/2018,112.190002,113.699997,111.720001,113.209999,111.829712,22170900
9/19/2018,113.050003,113.32,111.040001,111.699997,110.33812,21728400
9/20/2018,112.279999,113.800003,111.93,113.57,112.185326,23714500
9/21/2018,114,115.290001,113.510002,114.260002,112.866913,71229700
9/24/2018,113.029999,114.900002,112.220001,114.669998,113.271919,27334500
9/25/2018,114.800003,115.099998,113.75,114.449997,113.054596,22668000
9/26/2018,114.470001,115.059998,113.739998,113.980003,112.590332,19352000
9/27/2018,114.779999,114.910004,114.199997,114.410004,113.015083,19091300
9/28/2018,114.190002,114.57,113.68,114.370003,112.975578,21647800
10/1/2018,114.75,115.68,114.730003,115.610001,114.200455,18883100
10/2/2018,115.300003,115.839996,114.440002,115.150002,113.746071,20787200
10/3/2018,115.419998,116.18,114.93,115.169998,113.765816,16648000
10/4/2018,114.610001,114.760002,111.629997,112.790001,111.414833,34821700
10/5/2018,112.629997,113.169998,110.639999,112.129997,110.762886,29068900
10/8/2018,111.660004,112.029999,109.339996,110.849998,109.498489,29640600
10/9/2018,111.139999,113.080002,110.800003,112.260002,110.891296,26198600
10/10/2018,111.239998,111.5,105.790001,106.160004,104.865669,61376300
10/11/2018,105.349998,108.93,104.199997,105.910004,104.618721,63904300
10/12/2018,109.010002,111.239998,107.120003,109.57,108.234093,47742100
10/15/2018,108.910004,109.480003,106.949997,107.599998,106.288116,32068100
10/16/2018,109.540001,111.410004,108.949997,111,109.646667,31610200
10/17/2018,111.68,111.809998,109.550003,110.709999,109.360199,26548200
10/18/2018,110.099998,110.529999,107.830002,108.5,107.177139,32506200
10/19/2018,108.93,110.860001,108.209999,108.660004,107.33519,32785500
10/22/2018,109.32,110.540001,108.239998,109.629997,108.293358,26545600
10/23/2018,107.769997,108.970001,105.110001,108.099998,106.782021,43770400
10/24/2018,108.410004,108.489998,101.589996,102.32,101.072495,63897800
10/25/2018,106.550003,109.269997,106.150002,108.300003,106.979584,61646800
10/26/2018,105.690002,108.75,104.760002,106.959999,105.655914,55523100
10/29/2018,108.110001,108.699997,101.629997,103.849998,102.583832,55162000
10/30/2018,103.660004,104.379997,100.110001,103.730003,102.465309,65350900
10/31/2018,105.440002,108.139999,105.389999,106.809998,105.507744,51062400
11/1/2018,107.050003,107.32,105.529999,105.919998,104.628593,33384200
11/2/2018,106.480003,107.32,104.980003,106.160004,104.865669,37680200
11/5/2018,106.370003,107.739998,105.900002,107.510002,106.199211,27922100
11/6/2018,107.379997,108.839996,106.279999,107.720001,106.406654,24340200
11/7/2018,109.440002,112.239998,109.400002,111.959999,110.594955,37901700
11/8/2018,111.800003,112.209999,110.910004,111.75,110.38752,25644100
11/9/2018,110.849998,111.449997,108.760002,109.57,108.234093,32039200
11/12/2018,109.419998,109.959999,106.099998,106.870003,105.567017,33621800
11/13/2018,107.550003,108.739998,106.639999,106.940002,105.636162,35374600
11/14/2018,108.099998,108.260002,104.470001,104.970001,104.13813,39495100
11/15/2018,104.989998,107.800003,103.910004,107.279999,106.429817,38505200
11/16/2018,107.080002,108.879997,106.800003,108.290001,107.431816,33502100
11/19/2018,108.269997,108.559998,103.550003,104.620003,103.790909,44773900
11/20/2018,101.800003,102.970001,99.349998,101.709999,100.903961,64052500
11/21/2018,103.599998,104.43,102.239998,103.110001,102.29287,28130600
11/23/2018,102.169998,103.809998,102,103.07,102.253189,13823100
11/26/2018,104.790001,106.629997,104.580002,106.470001,105.626244,32336200
11/27/2018,106.269997,107.330002,105.360001,107.139999,106.290932,29124500
11/28/2018,107.889999,111.330002,107.860001,111.120003,110.239395,46788500
11/29/2018,110.330002,111.120003,109.029999,110.190002,109.316765,28123200
11/30/2018,110.699997,110.970001,109.360001,110.889999,110.011215,33665600
12/3/2018,113,113.419998,110.730003,112.089996,111.201698,34732800
12/4/2018,111.940002,112.639999,108.209999,108.519997,107.659996,45197000
12/6/2018,105.82,109.239998,105,109.190002,108.324692,49107400
12/7/2018,108.379997,109.449997,104.300003,104.82,103.989311,45044900
12/10/2018,104.800003,107.980003,103.889999,107.589996,106.737358,40801500
12/11/2018,109.800003,110.949997,107.440002,108.589996,107.729439,42381900
12/12/2018,110.889999,111.269997,109.040001,109.080002,108.215561,36183000
12/13/2018,109.580002,110.870003,108.629997,109.449997,108.582626,31333400
12/14/2018,108.25,109.260002,105.5,106.029999,105.189728,47043100
12/17/2018,105.410004,105.800003,101.709999,102.889999,102.074608,56957300
12/18/2018,103.75,104.510002,102.519997,103.970001,103.146057,49319200
12/19/2018,103.650002,106.879997,101.349998,103.690002,102.868271,68198200
12/20/2018,103.050003,104.309998,98.779999,101.510002,100.705551,70334200
12/21/2018,101.629997,103,97.459999,98.230003,97.451546,111242100
12/24/2018,97.68,97.970001,93.980003,94.129997,93.384033,43935200
12/26/2018,95.139999,100.690002,93.959999,100.559998,99.763077,51634800
12/27/2018,99.300003,101.190002,96.400002,101.18,100.378166,49498500
12/28/2018,102.089996,102.410004,99.519997,100.389999,99.594429,38196300
12/31/2018,101.290001,102.400002,100.440002,101.57,100.765076,33173800
